job_name,job_dir,model_cif,summary_json,confidences_json,chain_order,light_chain,heavy_chain,antigen_chain,paratope_mode,iptm,ptmglobal,ranking_score,fraction_disordered,has_clash,iptm_HA,iptm_LA,iptm_AbAg_mean,pae_min_HA,pae_min_LA,pae_min_AbAg_mean,pae_mean_HA,pae_mean_LA,pae_mean_AbAg_mean,atom_contacts_LA,atom_contacts_HA,atom_contacts_AbAg,residue_contacts_LA,residue_contacts_HA,residue_contacts_AbAg,antigen_residues_contacted,antigen_length,antigen_contact_fraction,contact_balance_HL,paratope_localization,bsa_total,bsa_HA,bsa_LA,phi_PAE,phi_affinity,penalty,phi_AbAg_PAE,phi_contacts,phi_bsa,phi_balance,phi_paratope,phi_engagement,otr_original,otr_original_noaff,otr_fab,otr_fab_noaff
1ahw_lh_vs_1mlc_e_decoy10,/mnt/ssd1/Projects/DesCARTes_wd/results/OTRtest/af3_outputs_99/decoy_json/1ahw_LH_vs_1mlc_E_decoy10/1ahw_lh_vs_1mlc_e_decoy10,/mnt/ssd1/Projects/DesCARTes_wd/results/OTRtest/af3_outputs_99/decoy_json/1ahw_LH_vs_1mlc_E_decoy10/1ahw_lh_vs_1mlc_e_decoy10/1ahw_lh_vs_1mlc_e_decoy10_model.cif,/mnt/ssd1/Projects/DesCARTes_wd/results/OTRtest/af3_outputs_99/decoy_json/1ahw_LH_vs_1mlc_E_decoy10/1ahw_lh_vs_1mlc_e_decoy10/1ahw_lh_vs_1mlc_e_decoy10_summary_confidences.json,/mnt/ssd1/Projects/DesCARTes_wd/results/OTRtest/af3_outputs_99/decoy_json/1ahw_LH_vs_1mlc_E_decoy10/1ahw_lh_vs_1mlc_e_decoy10/1ahw_lh_vs_1mlc_e_decoy10_confidences.json,A;B;C,A,B,C,proxy_first_120res,0.63,0.74,0.65,0.0,0.0,0.14,0.14,0.14,13.65,13.71,13.68,26.808882127073826,26.70442476273274,26.756653444903282,95,116,211,8,12,20,21,129,0.16279069767441862,0.9004739336492891,1.0,,,,0.0,,0.0,0.0,0.21466666666666667,,0.9004739336492891,1.0,0.30464257503949443,0.326,0.326,0.33262490126382305,0.33262490126382305
1ahw_lh_vs_2vis_c_decoy01,/mnt/ssd1/Projects/DesCARTes_wd/results/OTRtest/af3_outputs_99/decoy_json/1ahw_LH_vs_2vis_C_decoy01/1ahw_lh_vs_2vis_c_decoy01,/mnt/ssd1/Projects/DesCARTes_wd/results/OTRtest/af3_outputs_99/decoy_json/1ahw_LH_vs_2vis_C_decoy01/1ahw_lh_vs_2vis_c_decoy01/1ahw_lh_vs_2vis_c_decoy01_model.cif,/mnt/ssd1/Projects/DesCARTes_wd/results/OTRtest/af3_outputs_99/decoy_json/1ahw_LH_vs_2vis_C_decoy01/1ahw_lh_vs_2vis_c_decoy01/1ahw_lh_vs_2vis_c_decoy01_summary_confidences.json,/mnt/ssd1/Projects/DesCARTes_wd/results/OTRtest/af3_outputs_99/decoy_json/1ahw_LH_vs_2vis_C_decoy01/1ahw_lh_vs_2vis_c_decoy01/1ahw_lh_vs_2vis_c_decoy01_confidences.json,A;B;C,A,B,C,proxy_first_120res,0.47,0.6,0.5,0.02,0.0,0.11,0.11,0.11,16.8,16.52,16.66,29.1368885464307,29.077581692848145,29.107235119639423,106,85,191,6,8,14,17,282,0.06028368794326241,0.8900523560209423,1.0,,,,0.0,,0.0,0.0,0.188,,0.8900523560209423,1.0,0.29500654450261776,0.248,0.248,0.2742522905759162,0.2742522905759162
1ahw_lh_vs_4g6m_a_decoy02,/mnt/ssd1/Projects/DesCARTes_wd/results/OTRtest/af3_outputs_99/decoy_json/1ahw_LH_vs_4g6m_A_decoy02/1ahw_lh_vs_4g6m_a_decoy02,/mnt/ssd1/Projects/DesCARTes_wd/results/OTRtest/af3_outputs_99/decoy_json/1ahw_LH_vs_4g6m_A_decoy02/1ahw_lh_vs_4g6m_a_decoy02/1ahw_lh_vs_4g6m_a_decoy02_model.cif,/mnt/ssd1/Projects/DesCARTes_wd/results/OTRtest/af3_outputs_99/decoy_json/1ahw_LH_vs_4g6m_A_decoy02/1ahw_lh_vs_4g6m_a_decoy02/1ahw_lh_vs_4g6m_a_decoy02_summary_confidences.json,/mnt/ssd1/Projects/DesCARTes_wd/results/OTRtest/af3_outputs_99/decoy_json/1ahw_LH_vs_4g6m_A_decoy02/1ahw_lh_vs_4g6m_a_decoy02/1ahw_lh_vs_4g6m_a_decoy02_confidences.json,A;B;C,A,B,C,proxy_first_120res,0.61,0.72,0.64,0.0,0.0,0.18,0.18,0.18,11.46,12.18,11.82,25.499271028037384,25.49940654205607,25.499338785046728,128,212,340,9,16,25,28,150,0.18666666666666668,0.7529411764705882,1.0,,,,0.0,,0.0,0.0,0.38666666666666666,,0.7529411764705882,1.0,0.3399509803921569,0.316,0.316,0.3379828431372549,0.3379828431372549
1ahw_lh_vs_4hrl_c_decoy07,/mnt/ssd1/Projects/DesCARTes_wd/results/OTRtest/af3_outputs_99/decoy_json/1ahw_LH_vs_4hrl_C_decoy07/1ahw_lh_vs_4hrl_c_decoy07,/mnt/ssd1/Projects/DesCARTes_wd/results/OTRtest/af3_outputs_99/decoy_json/1ahw_LH_vs_4hrl_C_decoy07/1ahw_lh_vs_4hrl_c_decoy07/1ahw_lh_vs_4hrl_c_decoy07_model.cif,/mnt/ssd1/Projects/DesCARTes_wd/results/OTRtest/af3_outputs_99/decoy_json/1ahw_LH_vs_4hrl_C_decoy07/1ahw_lh_vs_4hrl_c_decoy07/1ahw_lh_vs_4hrl_c_decoy07_summary_confidences.json,/mnt/ssd1/Projects/DesCARTes_wd/results/OTRtest/af3_outputs_99/decoy_json/1ahw_LH_vs_4hrl_C_decoy07/1ahw_lh_vs_4hrl_c_decoy07/1ahw_lh_vs_4hrl_c_decoy07_confidences.json,A;B;C,A,B,C,proxy_first_120res,0.76,0.81,0.77,0.0,0.0,0.57,0.57,0.57,4.74,4.47,4.605,15.10330170867554,14.849392287359576,14.976346998017558,117,93,210,8,9,17,13,198,0.06565656565656566,0.8857142857142857,1.0,,,,0.0,,0.0,0.0,0.21333333333333335,,0.8857142857142857,1.0,0.3023809523809524,0.38500000000000006,0.38500000000000006,0.3743333333333333,0.3743333333333333
1ahw_lh_vs_4lyl_c_decoy04,/mnt/ssd1/Projects/DesCARTes_wd/results/OTRtest/af3_outputs_99/decoy_json/1ahw_LH_vs_4lyl_C_decoy04/1ahw_lh_vs_4lyl_c_decoy04,/mnt/ssd1/Projects/DesCARTes_wd/results/OTRtest/af3_outputs_99/decoy_json/1ahw_LH_vs_4lyl_C_decoy04/1ahw_lh_vs_4lyl_c_decoy04/1ahw_lh_vs_4lyl_c_decoy04_model.cif,/mnt/ssd1/Projects/DesCARTes_wd/results/OTRtest/af3_outputs_99/decoy_json/1ahw_LH_vs_4lyl_C_decoy04/1ahw_lh_vs_4lyl_c_decoy04/1ahw_lh_vs_4lyl_c_decoy04_summary_confidences.json,/mnt/ssd1/Projects/DesCARTes_wd/results/OTRtest/af3_outputs_99/decoy_json/1ahw_LH_vs_4lyl_C_decoy04/1ahw_lh_vs_4lyl_c_decoy04/1ahw_lh_vs_4lyl_c_decoy04_confidences.json,A;B;C,A,B,C,proxy_first_120res,0.6,0.7,0.62,0.0,0.0,0.26,0.27,0.265,10.01,10.56,10.285,22.745947361803783,22.69289216713466,22.719419764469222,108,122,230,7,11,18,24,223,0.10762331838565023,0.9391304347826087,1.0,,,,0.0,,0.0,0.0,0.24,,0.9391304347826087,1.0,0.3173913043478261,0.31,0.31,0.32608695652173914,0.32608695652173914
1ahw_lh_vs_4x4m_f_decoy08,/mnt/ssd1/Projects/DesCARTes_wd/results/OTRtest/af3_outputs_99/decoy_json/1ahw_LH_vs_4x4m_F_decoy08/1ahw_lh_vs_4x4m_f_decoy08,/mnt/ssd1/Projects/DesCARTes_wd/results/OTRtest/af3_outputs_99/decoy_json/1ahw_LH_vs_4x4m_F_decoy08/1ahw_lh_vs_4x4m_f_decoy08/1ahw_lh_vs_4x4m_f_decoy08_model.cif,/mnt/ssd1/Projects/DesCARTes_wd/results/OTRtest/af3_outputs_99/decoy_json/1ahw_LH_vs_4x4m_F_decoy08/1ahw_lh_vs_4x4m_f_decoy08/1ahw_lh_vs_4x4m_f_decoy08_summary_confidences.json,/mnt/ssd1/Projects/DesCARTes_wd/results/OTRtest/af3_outputs_99/decoy_json/1ahw_LH_vs_4x4m_F_decoy08/1ahw_lh_vs_4x4m_f_decoy08/1ahw_lh_vs_4x4m_f_decoy08_confidences.json,A;B;C,A,B,C,proxy_first_120res,0.5,0.62,0.53,0.02,0.0,0.18,0.16,0.16999999999999998,9.9,9.41,9.655000000000001,26.248657604078165,26.449056074766354,26.34885683942226,100,136,236,8,11,19,14,275,0.05090909090909091,0.847457627118644,1.0,,,,0.0,,0.0,0.0,0.248,,0.847457627118644,1.0,0.3084322033898305,0.262,0.262,0.28895127118644065,0.28895127118644065
1ahw_lh_vs_5nx1_a_decoy05,/mnt/ssd1/Projects/DesCARTes_wd/results/OTRtest/af3_outputs_99/decoy_json/1ahw_LH_vs_5nx1_A_decoy05/1ahw_lh_vs_5nx1_a_decoy05,/mnt/ssd1/Projects/DesCARTes_wd/results/OTRtest/af3_outputs_99/decoy_json/1ahw_LH_vs_5nx1_A_decoy05/1ahw_lh_vs_5nx1_a_decoy05/1ahw_lh_vs_5nx1_a_decoy05_model.cif,/mnt/ssd1/Projects/DesCARTes_wd/results/OTRtest/af3_outputs_99/decoy_json/1ahw_LH_vs_5nx1_A_decoy05/1ahw_lh_vs_5nx1_a_decoy05/1ahw_lh_vs_5nx1_a_decoy05_summary_confidences.json,/mnt/ssd1/Projects/DesCARTes_wd/results/OTRtest/af3_outputs_99/decoy_json/1ahw_LH_vs_5nx1_A_decoy05/1ahw_lh_vs_5nx1_a_decoy05/1ahw_lh_vs_5nx1_a_decoy05_confidences.json,A;B;C,A,B,C,proxy_first_120res,0.53,0.66,0.56,0.0,0.0,0.16,0.15,0.155,13.91,14.47,14.190000000000001,26.89684317505553,27.007606554628893,26.95222486484221,155,138,293,11,10,21,21,223,0.09417040358744394,0.9419795221843004,1.0,,,,0.0,,0.0,0.0,0.324,,0.9419795221843004,1.0,0.3439974402730375,0.278,0.278,0.31239910409556315,0.31239910409556315
1ahw_lh_vs_5vx2_c_decoy09,/mnt/ssd1/Projects/DesCARTes_wd/results/OTRtest/af3_outputs_99/decoy_json/1ahw_LH_vs_5vx2_C_decoy09/1ahw_lh_vs_5vx2_c_decoy09,/mnt/ssd1/Projects/DesCARTes_wd/results/OTRtest/af3_outputs_99/decoy_json/1ahw_LH_vs_5vx2_C_decoy09/1ahw_lh_vs_5vx2_c_decoy09/1ahw_lh_vs_5vx2_c_decoy09_model.cif,/mnt/ssd1/Projects/DesCARTes_wd/results/OTRtest/af3_outputs_99/decoy_json/1ahw_LH_vs_5vx2_C_decoy09/1ahw_lh_vs_5vx2_c_decoy09/1ahw_lh_vs_5vx2_c_decoy09_summary_confidences.json,/mnt/ssd1/Projects/DesCARTes_wd/results/OTRtest/af3_outputs_99/decoy_json/1ahw_LH_vs_5vx2_C_decoy09/1ahw_lh_vs_5vx2_c_decoy09/1ahw_lh_vs_5vx2_c_decoy09_confidences.json,A;B;C,A,B,C,proxy_first_120res,0.57,0.7,0.6,0.0,0.0,0.12,0.12,0.12,15.67,15.82,15.745000000000001,28.396420329987308,28.376495615553246,28.386457972770277,103,145,248,8,10,18,15,162,0.09259259259259259,0.8306451612903226,1.0,,,,0.0,,0.0,0.0,0.264,,0.8306451612903226,1.0,0.31133064516129033,0.298,0.298,0.3149657258064516,0.3149657258064516
1ahw_lh_vs_6har_a_decoy06,/mnt/ssd1/Projects/DesCARTes_wd/results/OTRtest/af3_outputs_99/decoy_json/1ahw_LH_vs_6har_A_decoy06/1ahw_lh_vs_6har_a_decoy06,/mnt/ssd1/Projects/DesCARTes_wd/results/OTRtest/af3_outputs_99/decoy_json/1ahw_LH_vs_6har_A_decoy06/1ahw_lh_vs_6har_a_decoy06/1ahw_lh_vs_6har_a_decoy06_model.cif,/mnt/ssd1/Projects/DesCARTes_wd/results/OTRtest/af3_outputs_99/decoy_json/1ahw_LH_vs_6har_A_decoy06/1ahw_lh_vs_6har_a_decoy06/1ahw_lh_vs_6har_a_decoy06_summary_confidences.json,/mnt/ssd1/Projects/DesCARTes_wd/results/OTRtest/af3_outputs_99/decoy_json/1ahw_LH_vs_6har_A_decoy06/1ahw_lh_vs_6har_a_decoy06/1ahw_lh_vs_6har_a_decoy06_confidences.json,A;B;C,A,B,C,proxy_first_120res,0.52,0.65,0.54,0.0,0.0,0.12,0.12,0.12,15.61,15.85,15.73,27.99683223464619,28.087876543724967,28.04235438918558,23,64,87,4,7,11,10,224,0.044642857142857144,0.5287356321839081,1.0,,,,0.0,,0.0,0.0,0.04933333333333333,,0.5287356321839081,1.0,0.2065086206896552,0.273,0.273,0.26077801724137933,0.26077801724137933
1ahw_lh_vs_6o3b_c_decoy03,/mnt/ssd1/Projects/DesCARTes_wd/results/OTRtest/af3_outputs_99/decoy_json/1ahw_LH_vs_6o3b_C_decoy03/1ahw_lh_vs_6o3b_c_decoy03,/mnt/ssd1/Projects/DesCARTes_wd/results/OTRtest/af3_outputs_99/decoy_json/1ahw_LH_vs_6o3b_C_decoy03/1ahw_lh_vs_6o3b_c_decoy03/1ahw_lh_vs_6o3b_c_decoy03_model.cif,/mnt/ssd1/Projects/DesCARTes_wd/results/OTRtest/af3_outputs_99/decoy_json/1ahw_LH_vs_6o3b_C_decoy03/1ahw_lh_vs_6o3b_c_decoy03/1ahw_lh_vs_6o3b_c_decoy03_summary_confidences.json,/mnt/ssd1/Projects/DesCARTes_wd/results/OTRtest/af3_outputs_99/decoy_json/1ahw_LH_vs_6o3b_C_decoy03/1ahw_lh_vs_6o3b_c_decoy03/1ahw_lh_vs_6o3b_c_decoy03_confidences.json,A;B;C,A,B,C,proxy_first_120res,0.61,0.72,0.65,0.03,0.0,0.14,0.14,0.14,14.18,14.29,14.235,26.910235313751667,26.885470627503338,26.897852970627504,100,113,213,7,7,14,15,140,0.10714285714285714,0.9389671361502347,1.0,,,,0.0,,0.0,0.0,0.21733333333333332,,0.9389671361502347,1.0,0.310287558685446,0.316,0.316,0.3276006455399061,0.3276006455399061
1mlc_lh_vs_1ahw_c_decoy09,/mnt/ssd1/Projects/DesCARTes_wd/results/OTRtest/af3_outputs_99/decoy_json/1mlc_LH_vs_1ahw_C_decoy09/1mlc_lh_vs_1ahw_c_decoy09,/mnt/ssd1/Projects/DesCARTes_wd/results/OTRtest/af3_outputs_99/decoy_json/1mlc_LH_vs_1ahw_C_decoy09/1mlc_lh_vs_1ahw_c_decoy09/1mlc_lh_vs_1ahw_c_decoy09_model.cif,/mnt/ssd1/Projects/DesCARTes_wd/results/OTRtest/af3_outputs_99/decoy_json/1mlc_LH_vs_1ahw_C_decoy09/1mlc_lh_vs_1ahw_c_decoy09/1mlc_lh_vs_1ahw_c_decoy09_summary_confidences.json,/mnt/ssd1/Projects/DesCARTes_wd/results/OTRtest/af3_outputs_99/decoy_json/1mlc_LH_vs_1ahw_C_decoy09/1mlc_lh_vs_1ahw_c_decoy09/1mlc_lh_vs_1ahw_c_decoy09_confidences.json,A;B;C,A,B,C,proxy_first_120res,0.54,0.67,0.57,0.02,0.0,0.14,0.14,0.14,14.64,14.59,14.615,27.398376691382847,27.27974757820168,27.339062134792265,117,244,361,7,15,22,18,219,0.0821917808219178,0.6481994459833795,1.0,,,,0.0,,0.0,0.0,0.4146666666666667,,0.6481994459833795,1.0,0.33560826408125577,0.28300000000000003,0.28300000000000003,0.3129628924284395,0.3129628924284395
1mlc_lh_vs_4g6m_a_decoy03,/mnt/ssd1/Projects/DesCARTes_wd/results/OTRtest/af3_outputs_99/decoy_json/1mlc_LH_vs_4g6m_A_decoy03/1mlc_lh_vs_4g6m_a_decoy03,/mnt/ssd1/Projects/DesCARTes_wd/results/OTRtest/af3_outputs_99/decoy_json/1mlc_LH_vs_4g6m_A_decoy03/1mlc_lh_vs_4g6m_a_decoy03/1mlc_lh_vs_4g6m_a_decoy03_model.cif,/mnt/ssd1/Projects/DesCARTes_wd/results/OTRtest/af3_outputs_99/decoy_json/1mlc_LH_vs_4g6m_A_decoy03/1mlc_lh_vs_4g6m_a_decoy03/1mlc_lh_vs_4g6m_a_decoy03_summary_confidences.json,/mnt/ssd1/Projects/DesCARTes_wd/results/OTRtest/af3_outputs_99/decoy_json/1mlc_LH_vs_4g6m_A_decoy03/1mlc_lh_vs_4g6m_a_decoy03/1mlc_lh_vs_4g6m_a_decoy03_confidences.json,A;B;C,A,B,C,proxy_first_120res,0.62,0.73,0.64,0.0,0.0,0.17,0.17,0.17,11.71,12.01,11.86,25.796396024464833,25.801482866043617,25.798939445254227,75,166,241,6,15,21,20,150,0.13333333333333333,0.6224066390041494,1.0,,,,0.0,,0.0,0.0,0.25466666666666665,,0.6224066390041494,1.0,0.282384163208852,0.321,0.321,0.3213344571230982,0.3213344571230982
1mlc_lh_vs_4hrl_c_decoy08,/mnt/ssd1/Projects/DesCARTes_wd/results/OTRtest/af3_outputs_99/decoy_json/1mlc_LH_vs_4hrl_C_decoy08/1mlc_lh_vs_4hrl_c_decoy08,/mnt/ssd1/Projects/DesCARTes_wd/results/OTRtest/af3_outputs_99/decoy_json/1mlc_LH_vs_4hrl_C_decoy08/1mlc_lh_vs_4hrl_c_decoy08/1mlc_lh_vs_4hrl_c_decoy08_model.cif,/mnt/ssd1/Projects/DesCARTes_wd/results/OTRtest/af3_outputs_99/decoy_json/1mlc_LH_vs_4hrl_C_decoy08/1mlc_lh_vs_4hrl_c_decoy08/1mlc_lh_vs_4hrl_c_decoy08_summary_confidences.json,/mnt/ssd1/Projects/DesCARTes_wd/results/OTRtest/af3_outputs_99/decoy_json/1mlc_LH_vs_4hrl_C_decoy08/1mlc_lh_vs_4hrl_c_decoy08/1mlc_lh_vs_4hrl_c_decoy08_confidences.json,A;B;C,A,B,C,proxy_first_120res,0.57,0.69,0.6,0.0,0.0,0.18,0.18,0.18,11.38,11.52,11.45,25.641884440737652,25.488212734824884,25.56504858778127,85,166,251,7,12,19,17,198,0.08585858585858586,0.6772908366533865,1.0,,,,0.0,,0.0,0.0,0.268,,0.6772908366533865,1.0,0.29341135458167333,0.297,0.297,0.3081939741035856,0.3081939741035856
1mlc_lh_vs_4lyl_c_decoy10,/mnt/ssd1/Projects/DesCARTes_wd/results/OTRtest/af3_outputs_99/decoy_json/1mlc_LH_vs_4lyl_C_decoy10/1mlc_lh_vs_4lyl_c_decoy10,/mnt/ssd1/Projects/DesCARTes_wd/results/OTRtest/af3_outputs_99/decoy_json/1mlc_LH_vs_4lyl_C_decoy10/1mlc_lh_vs_4lyl_c_decoy10/1mlc_lh_vs_4lyl_c_decoy10_model.cif,/mnt/ssd1/Projects/DesCARTes_wd/results/OTRtest/af3_outputs_99/decoy_json/1mlc_LH_vs_4lyl_C_decoy10/1mlc_lh_vs_4lyl_c_decoy10/1mlc_lh_vs_4lyl_c_decoy10_summary_confidences.json,/mnt/ssd1/Projects/DesCARTes_wd/results/OTRtest/af3_outputs_99/decoy_json/1mlc_LH_vs_4lyl_C_decoy10/1mlc_lh_vs_4lyl_c_decoy10/1mlc_lh_vs_4lyl_c_decoy10_confidences.json,A;B;C,A,B,C,proxy_first_120res,0.52,0.65,0.55,0.0,0.0,0.13,0.13,0.13,14.85,15.15,15.0,27.966926194100463,27.856186873978462,27.911556534039462,95,103,198,8,13,21,11,223,0.04932735426008968,0.9595959595959596,1.0,,,,0.0,,0.0,0.0,0.19733333333333333,,0.9595959595959596,1.0,0.3066161616161616,0.273,0.273,0.29581565656565656,0.29581565656565656
1mlc_lh_vs_5gpg_a_decoy05,/mnt/ssd1/Projects/DesCARTes_wd/results/OTRtest/af3_outputs_99/decoy_json/1mlc_LH_vs_5gpg_A_decoy05/1mlc_lh_vs_5gpg_a_decoy05,/mnt/ssd1/Projects/DesCARTes_wd/results/OTRtest/af3_outputs_99/decoy_json/1mlc_LH_vs_5gpg_A_decoy05/1mlc_lh_vs_5gpg_a_decoy05/1mlc_lh_vs_5gpg_a_decoy05_model.cif,/mnt/ssd1/Projects/DesCARTes_wd/results/OTRtest/af3_outputs_99/decoy_json/1mlc_LH_vs_5gpg_A_decoy05/1mlc_lh_vs_5gpg_a_decoy05/1mlc_lh_vs_5gpg_a_decoy05_summary_confidences.json,/mnt/ssd1/Projects/DesCARTes_wd/results/OTRtest/af3_outputs_99/decoy_json/1mlc_LH_vs_5gpg_A_decoy05/1mlc_lh_vs_5gpg_a_decoy05/1mlc_lh_vs_5gpg_a_decoy05_confidences.json,A;B;C,A,B,C,proxy_first_120res,0.69,0.78,0.7,0.0,0.0,0.24,0.24,0.24,9.62,9.87,9.745,23.104632243393713,22.939096573208722,23.02186440830122,144,237,381,8,15,23,20,117,0.17094017094017094,0.7559055118110236,1.0,,,,0.0,,0.0,0.0,0.44133333333333336,,0.7559055118110236,1.0,0.35740485564304464,0.354,0.354,0.3710916994750656,0.3710916994750656
1mlc_lh_vs_5vx2_c_decoy06,/mnt/ssd1/Projects/DesCARTes_wd/results/OTRtest/af3_outputs_99/decoy_json/1mlc_LH_vs_5vx2_C_decoy06/1mlc_lh_vs_5vx2_c_decoy06,/mnt/ssd1/Projects/DesCARTes_wd/results/OTRtest/af3_outputs_99/decoy_json/1mlc_LH_vs_5vx2_C_decoy06/1mlc_lh_vs_5vx2_c_decoy06/1mlc_lh_vs_5vx2_c_decoy06_model.cif,/mnt/ssd1/Projects/DesCARTes_wd/results/OTRtest/af3_outputs_99/decoy_json/1mlc_LH_vs_5vx2_C_decoy06/1mlc_lh_vs_5vx2_c_decoy06/1mlc_lh_vs_5vx2_c_decoy06_summary_confidences.json,/mnt/ssd1/Projects/DesCARTes_wd/results/OTRtest/af3_outputs_99/decoy_json/1mlc_LH_vs_5vx2_C_decoy06/1mlc_lh_vs_5vx2_c_decoy06/1mlc_lh_vs_5vx2_c_decoy06_confidences.json,A;B;C,A,B,C,proxy_first_120res,0.59,0.71,0.62,0.0,0.0,0.14,0.14,0.14,13.07,13.52,13.295,27.33397326990599,27.05168599284643,27.19282963137621,171,202,373,12,14,26,17,162,0.10493827160493827,0.9168900804289544,1.0,,,,0.0,,0.0,0.0,0.43066666666666664,,0.9168900804289544,1.0,0.3741945933869526,0.307,0.307,0.3434681076854334,0.3434681076854334
1mlc_lh_vs_6dmx_i_decoy07,/mnt/ssd1/Projects/DesCARTes_wd/results/OTRtest/af3_outputs_99/decoy_json/1mlc_LH_vs_6dmx_I_decoy07/1mlc_lh_vs_6dmx_i_decoy07,/mnt/ssd1/Projects/DesCARTes_wd/results/OTRtest/af3_outputs_99/decoy_json/1mlc_LH_vs_6dmx_I_decoy07/1mlc_lh_vs_6dmx_i_decoy07/1mlc_lh_vs_6dmx_i_decoy07_model.cif,/mnt/ssd1/Projects/DesCARTes_wd/results/OTRtest/af3_outputs_99/decoy_json/1mlc_LH_vs_6dmx_I_decoy07/1mlc_lh_vs_6dmx_i_decoy07/1mlc_lh_vs_6dmx_i_decoy07_summary_confidences.json,/mnt/ssd1/Projects/DesCARTes_wd/results/OTRtest/af3_outputs_99/decoy_json/1mlc_LH_vs_6dmx_I_decoy07/1mlc_lh_vs_6dmx_i_decoy07/1mlc_lh_vs_6dmx_i_decoy07_confidences.json,A;B;C,A,B,C,proxy_first_120res,0.7,0.79,0.72,0.0,0.0,0.18,0.17,0.175,11.19,10.95,11.07,24.785920558799,24.673699022939676,24.72980979086934,91,130,221,8,16,24,19,88,0.2159090909090909,0.8235294117647058,1.0,,,,0.0,,0.0,0.0,0.228,,0.8235294117647058,1.0,0.29919117647058824,0.359,0.359,0.3542169117647059,0.3542169117647059
1mlc_lh_vs_6j9m_d_decoy04,/mnt/ssd1/Projects/DesCARTes_wd/results/OTRtest/af3_outputs_99/decoy_json/1mlc_LH_vs_6j9m_D_decoy04/1mlc_lh_vs_6j9m_d_decoy04,/mnt/ssd1/Projects/DesCARTes_wd/results/OTRtest/af3_outputs_99/decoy_json/1mlc_LH_vs_6j9m_D_decoy04/1mlc_lh_vs_6j9m_d_decoy04/1mlc_lh_vs_6j9m_d_decoy04_model.cif,/mnt/ssd1/Projects/DesCARTes_wd/results/OTRtest/af3_outputs_99/decoy_json/1mlc_LH_vs_6j9m_D_decoy04/1mlc_lh_vs_6j9m_d_decoy04/1mlc_lh_vs_6j9m_d_decoy04_summary_confidences.json,/mnt/ssd1/Projects/DesCARTes_wd/results/OTRtest/af3_outputs_99/decoy_json/1mlc_LH_vs_6j9m_D_decoy04/1mlc_lh_vs_6j9m_d_decoy04/1mlc_lh_vs_6j9m_d_decoy04_confidences.json,A;B;C,A,B,C,proxy_first_120res,0.67,0.76,0.7,0.01,0.0,0.23,0.22,0.225,9.94,10.22,10.08,23.382447706422017,23.50711214953271,23.444779927977365,96,155,251,10,14,24,14,125,0.112,0.7649402390438247,1.0,,,,0.0,,0.0,0.0,0.268,,0.7649402390438247,1.0,0.3043675298804781,0.34400000000000003,0.34400000000000003,0.34552863545816737,0.34552863545816737
1mlc_lh_vs_6nmt_c_decoy01,/mnt/ssd1/Projects/DesCARTes_wd/results/OTRtest/af3_outputs_99/decoy_json/1mlc_LH_vs_6nmt_C_decoy01/1mlc_lh_vs_6nmt_c_decoy01,/mnt/ssd1/Projects/DesCARTes_wd/results/OTRtest/af3_outputs_99/decoy_json/1mlc_LH_vs_6nmt_C_decoy01/1mlc_lh_vs_6nmt_c_decoy01/1mlc_lh_vs_6nmt_c_decoy01_model.cif,/mnt/ssd1/Projects/DesCARTes_wd/results/OTRtest/af3_outputs_99/decoy_json/1mlc_LH_vs_6nmt_C_decoy01/1mlc_lh_vs_6nmt_c_decoy01/1mlc_lh_vs_6nmt_c_decoy01_summary_confidences.json,/mnt/ssd1/Projects/DesCARTes_wd/results/OTRtest/af3_outputs_99/decoy_json/1mlc_LH_vs_6nmt_C_decoy01/1mlc_lh_vs_6nmt_c_decoy01/1mlc_lh_vs_6nmt_c_decoy01_confidences.json,A;B;C,A,B,C,proxy_first_120res,0.64,0.75,0.67,0.02,0.0,0.16,0.15,0.155,11.13,11.45,11.29,26.053164054034525,26.2797501655751,26.16645710980481,104,175,279,8,13,21,11,127,0.08661417322834646,0.7455197132616487,1.0,,,,0.0,,0.0,0.0,0.30533333333333335,,0.7455197132616487,1.0,0.31360663082437273,0.331,0.331,0.33926232078853047,0.33926232078853047
1mlc_lh_vs_6o3b_c_decoy02,/mnt/ssd1/Projects/DesCARTes_wd/results/OTRtest/af3_outputs_99/decoy_json/1mlc_LH_vs_6o3b_C_decoy02/1mlc_lh_vs_6o3b_c_decoy02,/mnt/ssd1/Projects/DesCARTes_wd/results/OTRtest/af3_outputs_99/decoy_json/1mlc_LH_vs_6o3b_C_decoy02/1mlc_lh_vs_6o3b_c_decoy02/1mlc_lh_vs_6o3b_c_decoy02_model.cif,/mnt/ssd1/Projects/DesCARTes_wd/results/OTRtest/af3_outputs_99/decoy_json/1mlc_LH_vs_6o3b_C_decoy02/1mlc_lh_vs_6o3b_c_decoy02/1mlc_lh_vs_6o3b_c_decoy02_summary_confidences.json,/mnt/ssd1/Projects/DesCARTes_wd/results/OTRtest/af3_outputs_99/decoy_json/1mlc_LH_vs_6o3b_C_decoy02/1mlc_lh_vs_6o3b_c_decoy02/1mlc_lh_vs_6o3b_c_decoy02_confidences.json,A;B;C,A,B,C,proxy_first_120res,0.65,0.75,0.69,0.03,0.0,0.21,0.21,0.21,9.08,8.86,8.969999999999999,24.31514416775885,23.914846461949267,24.114995314854056,152,166,318,13,11,24,22,140,0.15714285714285714,0.9559748427672956,1.0,,,,0.0,,0.0,0.0,0.35733333333333334,,0.9559748427672956,1.0,0.3561635220125786,0.335,0.335,0.3571572327044025,0.3571572327044025
1vfb_lh_vs_1ahw_c_decoy09,/mnt/ssd1/Projects/DesCARTes_wd/results/OTRtest/af3_outputs_99/decoy_json/1vfb_LH_vs_1ahw_C_decoy09/1vfb_lh_vs_1ahw_c_decoy09,/mnt/ssd1/Projects/DesCARTes_wd/results/OTRtest/af3_outputs_99/decoy_json/1vfb_LH_vs_1ahw_C_decoy09/1vfb_lh_vs_1ahw_c_decoy09/1vfb_lh_vs_1ahw_c_decoy09_model.cif,/mnt/ssd1/Projects/DesCARTes_wd/results/OTRtest/af3_outputs_99/decoy_json/1vfb_LH_vs_1ahw_C_decoy09/1vfb_lh_vs_1ahw_c_decoy09/1vfb_lh_vs_1ahw_c_decoy09_summary_confidences.json,/mnt/ssd1/Projects/DesCARTes_wd/results/OTRtest/af3_outputs_99/decoy_json/1vfb_LH_vs_1ahw_C_decoy09/1vfb_lh_vs_1ahw_c_decoy09/1vfb_lh_vs_1ahw_c_decoy09_confidences.json,A;B;C,A,B,C,proxy_first_120res,0.41,0.54,0.44,0.02,0.0,0.1,0.1,0.1,14.63,14.5,14.565000000000001,27.89283774208786,27.476637647761706,27.684737694924785,69,108,177,6,6,12,13,219,0.0593607305936073,0.7796610169491526,1.0,,,,0.0,,0.0,0.0,0.16933333333333334,,0.7796610169491526,1.0,0.27537429378531075,0.21800000000000003,0.21800000000000003,0.24638100282485875,0.24638100282485875
1vfb_lh_vs_4g6m_a_decoy03,/mnt/ssd1/Projects/DesCARTes_wd/results/OTRtest/af3_outputs_99/decoy_json/1vfb_LH_vs_4g6m_A_decoy03/1vfb_lh_vs_4g6m_a_decoy03,/mnt/ssd1/Projects/DesCARTes_wd/results/OTRtest/af3_outputs_99/decoy_json/1vfb_LH_vs_4g6m_A_decoy03/1vfb_lh_vs_4g6m_a_decoy03/1vfb_lh_vs_4g6m_a_decoy03_model.cif,/mnt/ssd1/Projects/DesCARTes_wd/results/OTRtest/af3_outputs_99/decoy_json/1vfb_LH_vs_4g6m_A_decoy03/1vfb_lh_vs_4g6m_a_decoy03/1vfb_lh_vs_4g6m_a_decoy03_summary_confidences.json,/mnt/ssd1/Projects/DesCARTes_wd/results/OTRtest/af3_outputs_99/decoy_json/1vfb_LH_vs_4g6m_A_decoy03/1vfb_lh_vs_4g6m_a_decoy03/1vfb_lh_vs_4g6m_a_decoy03_confidences.json,A;B;C,A,B,C,proxy_first_120res,0.6,0.71,0.62,0.0,0.0,0.36,0.32,0.33999999999999997,9.8,9.73,9.765,18.932169540229886,19.34696261682243,19.13956607852616,50,154,204,8,10,18,15,150,0.1,0.4901960784313726,1.0,,,,0.0,,0.0,0.0,0.20533333333333334,,0.4901960784313726,1.0,0.2504411764705882,0.311,0.311,0.30315441176470587,0.30315441176470587
1vfb_lh_vs_4hrl_c_decoy08,/mnt/ssd1/Projects/DesCARTes_wd/results/OTRtest/af3_outputs_99/decoy_json/1vfb_LH_vs_4hrl_C_decoy08/1vfb_lh_vs_4hrl_c_decoy08,/mnt/ssd1/Projects/DesCARTes_wd/results/OTRtest/af3_outputs_99/decoy_json/1vfb_LH_vs_4hrl_C_decoy08/1vfb_lh_vs_4hrl_c_decoy08/1vfb_lh_vs_4hrl_c_decoy08_model.cif,/mnt/ssd1/Projects/DesCARTes_wd/results/OTRtest/af3_outputs_99/decoy_json/1vfb_LH_vs_4hrl_C_decoy08/1vfb_lh_vs_4hrl_c_decoy08/1vfb_lh_vs_4hrl_c_decoy08_summary_confidences.json,/mnt/ssd1/Projects/DesCARTes_wd/results/OTRtest/af3_outputs_99/decoy_json/1vfb_LH_vs_4hrl_C_decoy08/1vfb_lh_vs_4hrl_c_decoy08/1vfb_lh_vs_4hrl_c_decoy08_confidences.json,A;B;C,A,B,C,proxy_first_120res,0.44,0.58,0.47,0.0,0.0,0.13,0.13,0.13,12.82,12.69,12.754999999999999,26.38125,25.77124044180119,26.076245220900596,56,117,173,5,9,14,13,198,0.06565656565656566,0.6473988439306358,1.0,,,,0.0,,0.0,0.0,0.164,,0.6473988439306358,1.0,0.25717485549132946,0.234,0.234,0.2510111994219653,0.2510111994219653
1vfb_lh_vs_4lyl_c_decoy10,/mnt/ssd1/Projects/DesCARTes_wd/results/OTRtest/af3_outputs_99/decoy_json/1vfb_LH_vs_4lyl_C_decoy10/1vfb_lh_vs_4lyl_c_decoy10,/mnt/ssd1/Projects/DesCARTes_wd/results/OTRtest/af3_outputs_99/decoy_json/1vfb_LH_vs_4lyl_C_decoy10/1vfb_lh_vs_4lyl_c_decoy10/1vfb_lh_vs_4lyl_c_decoy10_model.cif,/mnt/ssd1/Projects/DesCARTes_wd/results/OTRtest/af3_outputs_99/decoy_json/1vfb_LH_vs_4lyl_C_decoy10/1vfb_lh_vs_4lyl_c_decoy10/1vfb_lh_vs_4lyl_c_decoy10_summary_confidences.json,/mnt/ssd1/Projects/DesCARTes_wd/results/OTRtest/af3_outputs_99/decoy_json/1vfb_LH_vs_4lyl_C_decoy10/1vfb_lh_vs_4lyl_c_decoy10/1vfb_lh_vs_4lyl_c_decoy10_confidences.json,A;B;C,A,B,C,proxy_first_120res,0.4,0.54,0.43,0.0,0.0,0.12,0.11,0.11499999999999999,14.56,14.53,14.545,27.964523735889905,28.22661875026193,28.095571243075916,26,166,192,4,12,16,11,223,0.04932735426008968,0.27083333333333337,1.0,,,,0.0,,0.0,0.0,0.18933333333333333,,0.27083333333333337,1.0,0.21802083333333333,0.21400000000000002,0.21400000000000002,0.22330729166666666,0.22330729166666666
1vfb_lh_vs_5gpg_a_decoy05,/mnt/ssd1/Projects/DesCARTes_wd/results/OTRtest/af3_outputs_99/decoy_json/1vfb_LH_vs_5gpg_A_decoy05/1vfb_lh_vs_5gpg_a_decoy05,/mnt/ssd1/Projects/DesCARTes_wd/results/OTRtest/af3_outputs_99/decoy_json/1vfb_LH_vs_5gpg_A_decoy05/1vfb_lh_vs_5gpg_a_decoy05/1vfb_lh_vs_5gpg_a_decoy05_model.cif,/mnt/ssd1/Projects/DesCARTes_wd/results/OTRtest/af3_outputs_99/decoy_json/1vfb_LH_vs_5gpg_A_decoy05/1vfb_lh_vs_5gpg_a_decoy05/1vfb_lh_vs_5gpg_a_decoy05_summary_confidences.json,/mnt/ssd1/Projects/DesCARTes_wd/results/OTRtest/af3_outputs_99/decoy_json/1vfb_LH_vs_5gpg_A_decoy05/1vfb_lh_vs_5gpg_a_decoy05/1vfb_lh_vs_5gpg_a_decoy05_confidences.json,A;B;C,A,B,C,proxy_first_120res,0.53,0.67,0.56,0.0,0.0,0.11,0.11,0.11,12.34,12.94,12.64,26.457264957264957,25.922605639428067,26.189935298346512,88,105,193,9,8,17,15,117,0.1282051282051282,0.9119170984455959,1.0,,,,0.0,,0.0,0.0,0.19066666666666668,,0.9119170984455959,1.0,0.2985729706390328,0.279,0.279,0.29700053972366147,0.29700053972366147
1vfb_lh_vs_5vx2_c_decoy06,/mnt/ssd1/Projects/DesCARTes_wd/results/OTRtest/af3_outputs_99/decoy_json/1vfb_LH_vs_5vx2_C_decoy06/1vfb_lh_vs_5vx2_c_decoy06,/mnt/ssd1/Projects/DesCARTes_wd/results/OTRtest/af3_outputs_99/decoy_json/1vfb_LH_vs_5vx2_C_decoy06/1vfb_lh_vs_5vx2_c_decoy06/1vfb_lh_vs_5vx2_c_decoy06_model.cif,/mnt/ssd1/Projects/DesCARTes_wd/results/OTRtest/af3_outputs_99/decoy_json/1vfb_LH_vs_5vx2_C_decoy06/1vfb_lh_vs_5vx2_c_decoy06/1vfb_lh_vs_5vx2_c_decoy06_summary_confidences.json,/mnt/ssd1/Projects/DesCARTes_wd/results/OTRtest/af3_outputs_99/decoy_json/1vfb_LH_vs_5vx2_C_decoy06/1vfb_lh_vs_5vx2_c_decoy06/1vfb_lh_vs_5vx2_c_decoy06_confidences.json,A;B;C,A,B,C,proxy_first_120res,0.5,0.63,0.54,0.02,0.0,0.17,0.16,0.165,13.63,13.54,13.585,25.186797573435506,25.08861486096689,25.1377062172012,70,132,202,7,12,19,14,162,0.08641975308641975,0.693069306930693,1.0,,,,0.0,,0.0,0.0,0.20266666666666666,,0.693069306930693,1.0,0.27496699669966995,0.263,0.263,0.27773844884488447,0.27773844884488447
1vfb_lh_vs_6dmx_i_decoy07,/mnt/ssd1/Projects/DesCARTes_wd/results/OTRtest/af3_outputs_99/decoy_json/1vfb_LH_vs_6dmx_I_decoy07/1vfb_lh_vs_6dmx_i_decoy07,/mnt/ssd1/Projects/DesCARTes_wd/results/OTRtest/af3_outputs_99/decoy_json/1vfb_LH_vs_6dmx_I_decoy07/1vfb_lh_vs_6dmx_i_decoy07/1vfb_lh_vs_6dmx_i_decoy07_model.cif,/mnt/ssd1/Projects/DesCARTes_wd/results/OTRtest/af3_outputs_99/decoy_json/1vfb_LH_vs_6dmx_I_decoy07/1vfb_lh_vs_6dmx_i_decoy07/1vfb_lh_vs_6dmx_i_decoy07_summary_confidences.json,/mnt/ssd1/Projects/DesCARTes_wd/results/OTRtest/af3_outputs_99/decoy_json/1vfb_LH_vs_6dmx_I_decoy07/1vfb_lh_vs_6dmx_i_decoy07/1vfb_lh_vs_6dmx_i_decoy07_confidences.json,A;B;C,A,B,C,proxy_first_120res,0.6,0.72,0.63,0.01,0.0,0.13,0.13,0.13,11.0,11.0,11.0,24.079501371473352,24.139045242141037,24.109273306807196,94,111,205,9,8,17,18,88,0.20454545454545456,0.9170731707317074,1.0,,,,0.0,,0.0,0.0,0.20666666666666667,,0.9170731707317074,1.0,0.3042174796747968,0.312,0.312,0.32247611788617886,0.32247611788617886
1vfb_lh_vs_6j9m_d_decoy04,/mnt/ssd1/Projects/DesCARTes_wd/results/OTRtest/af3_outputs_99/decoy_json/1vfb_LH_vs_6j9m_D_decoy04/1vfb_lh_vs_6j9m_d_decoy04,/mnt/ssd1/Projects/DesCARTes_wd/results/OTRtest/af3_outputs_99/decoy_json/1vfb_LH_vs_6j9m_D_decoy04/1vfb_lh_vs_6j9m_d_decoy04/1vfb_lh_vs_6j9m_d_decoy04_model.cif,/mnt/ssd1/Projects/DesCARTes_wd/results/OTRtest/af3_outputs_99/decoy_json/1vfb_LH_vs_6j9m_D_decoy04/1vfb_lh_vs_6j9m_d_decoy04/1vfb_lh_vs_6j9m_d_decoy04_summary_confidences.json,/mnt/ssd1/Projects/DesCARTes_wd/results/OTRtest/af3_outputs_99/decoy_json/1vfb_LH_vs_6j9m_D_decoy04/1vfb_lh_vs_6j9m_d_decoy04/1vfb_lh_vs_6j9m_d_decoy04_confidences.json,A;B;C,A,B,C,proxy_first_120res,0.53,0.67,0.57,0.02,0.0,0.14,0.14,0.14,10.75,10.49,10.620000000000001,24.04055862068966,24.394097196261686,24.217327908475674,38,155,193,4,13,17,13,125,0.104,0.3937823834196891,1.0,,,,0.0,,0.0,0.0,0.19066666666666668,,0.3937823834196891,1.0,0.23380613126079447,0.279,0.279,0.2743321459412781,0.2743321459412781
1vfb_lh_vs_6nmt_c_decoy01,/mnt/ssd1/Projects/DesCARTes_wd/results/OTRtest/af3_outputs_99/decoy_json/1vfb_LH_vs_6nmt_C_decoy01/1vfb_lh_vs_6nmt_c_decoy01,/mnt/ssd1/Projects/DesCARTes_wd/results/OTRtest/af3_outputs_99/decoy_json/1vfb_LH_vs_6nmt_C_decoy01/1vfb_lh_vs_6nmt_c_decoy01/1vfb_lh_vs_6nmt_c_decoy01_model.cif,/mnt/ssd1/Projects/DesCARTes_wd/results/OTRtest/af3_outputs_99/decoy_json/1vfb_LH_vs_6nmt_C_decoy01/1vfb_lh_vs_6nmt_c_decoy01/1vfb_lh_vs_6nmt_c_decoy01_summary_confidences.json,/mnt/ssd1/Projects/DesCARTes_wd/results/OTRtest/af3_outputs_99/decoy_json/1vfb_LH_vs_6nmt_C_decoy01/1vfb_lh_vs_6nmt_c_decoy01/1vfb_lh_vs_6nmt_c_decoy01_confidences.json,A;B;C,A,B,C,proxy_first_120res,0.56,0.68,0.6,0.03,0.0,0.19,0.18,0.185,9.47,9.37,9.42,23.001106434971486,22.923452792699976,22.962279613835733,64,152,216,4,10,14,11,127,0.08661417322834646,0.5925925925925926,1.0,,,,0.0,,0.0,0.0,0.22133333333333333,,0.5925925925925926,1.0,0.2682407407407407,0.29200000000000004,0.29200000000000004,0.29588425925925926,0.29588425925925926
1vfb_lh_vs_6o3b_c_decoy02,/mnt/ssd1/Projects/DesCARTes_wd/results/OTRtest/af3_outputs_99/decoy_json/1vfb_LH_vs_6o3b_C_decoy02/1vfb_lh_vs_6o3b_c_decoy02,/mnt/ssd1/Projects/DesCARTes_wd/results/OTRtest/af3_outputs_99/decoy_json/1vfb_LH_vs_6o3b_C_decoy02/1vfb_lh_vs_6o3b_c_decoy02/1vfb_lh_vs_6o3b_c_decoy02_model.cif,/mnt/ssd1/Projects/DesCARTes_wd/results/OTRtest/af3_outputs_99/decoy_json/1vfb_LH_vs_6o3b_C_decoy02/1vfb_lh_vs_6o3b_c_decoy02/1vfb_lh_vs_6o3b_c_decoy02_summary_confidences.json,/mnt/ssd1/Projects/DesCARTes_wd/results/OTRtest/af3_outputs_99/decoy_json/1vfb_LH_vs_6o3b_C_decoy02/1vfb_lh_vs_6o3b_c_decoy02/1vfb_lh_vs_6o3b_c_decoy02_confidences.json,A;B;C,A,B,C,proxy_first_120res,0.51,0.64,0.55,0.02,0.0,0.14,0.13,0.135,12.84,12.53,12.684999999999999,24.89188115763547,25.323704939919892,25.10779304877768,80,179,259,5,14,19,17,140,0.12142857142857143,0.6177606177606177,1.0,,,,0.0,,0.0,0.0,0.2786666666666667,,0.6177606177606177,1.0,0.2893034105534105,0.268,0.268,0.2862561936936937,0.2862561936936937
1yy9_lh_vs_1ahw_c_decoy02,/mnt/ssd1/Projects/DesCARTes_wd/results/OTRtest/af3_outputs_99/decoy_json/1yy9_LH_vs_1ahw_C_decoy02/1yy9_lh_vs_1ahw_c_decoy02,/mnt/ssd1/Projects/DesCARTes_wd/results/OTRtest/af3_outputs_99/decoy_json/1yy9_LH_vs_1ahw_C_decoy02/1yy9_lh_vs_1ahw_c_decoy02/1yy9_lh_vs_1ahw_c_decoy02_model.cif,/mnt/ssd1/Projects/DesCARTes_wd/results/OTRtest/af3_outputs_99/decoy_json/1yy9_LH_vs_1ahw_C_decoy02/1yy9_lh_vs_1ahw_c_decoy02/1yy9_lh_vs_1ahw_c_decoy02_summary_confidences.json,/mnt/ssd1/Projects/DesCARTes_wd/results/OTRtest/af3_outputs_99/decoy_json/1yy9_LH_vs_1ahw_C_decoy02/1yy9_lh_vs_1ahw_c_decoy02/1yy9_lh_vs_1ahw_c_decoy02_confidences.json,A;B;C,A,B,C,proxy_first_120res,0.55,0.67,0.58,0.02,0.0,0.13,0.14,0.135,14.95,14.85,14.899999999999999,27.559626231946943,27.502142688704524,27.530884460325733,112,103,215,11,10,21,18,219,0.0821917808219178,0.958139534883721,1.0,,,,0.0,,0.0,0.0,0.22,,0.958139534883721,1.0,0.3135174418604651,0.28700000000000003,0.28700000000000003,0.30823110465116277,0.30823110465116277
1yy9_lh_vs_2vis_c_decoy01,/mnt/ssd1/Projects/DesCARTes_wd/results/OTRtest/af3_outputs_99/decoy_json/1yy9_LH_vs_2vis_C_decoy01/1yy9_lh_vs_2vis_c_decoy01,/mnt/ssd1/Projects/DesCARTes_wd/results/OTRtest/af3_outputs_99/decoy_json/1yy9_LH_vs_2vis_C_decoy01/1yy9_lh_vs_2vis_c_decoy01/1yy9_lh_vs_2vis_c_decoy01_model.cif,/mnt/ssd1/Projects/DesCARTes_wd/results/OTRtest/af3_outputs_99/decoy_json/1yy9_LH_vs_2vis_C_decoy01/1yy9_lh_vs_2vis_c_decoy01/1yy9_lh_vs_2vis_c_decoy01_summary_confidences.json,/mnt/ssd1/Projects/DesCARTes_wd/results/OTRtest/af3_outputs_99/decoy_json/1yy9_LH_vs_2vis_C_decoy01/1yy9_lh_vs_2vis_c_decoy01/1yy9_lh_vs_2vis_c_decoy01_confidences.json,A;B;C,A,B,C,proxy_first_120res,0.5,0.63,0.54,0.02,0.0,0.15,0.15,0.15,12.88,13.68,13.280000000000001,26.661996566220598,27.29758099423967,26.979788780230134,70,118,188,8,12,20,17,282,0.06028368794326241,0.7446808510638299,1.0,,,,0.0,,0.0,0.0,0.184,,0.7446808510638299,1.0,0.27558510638297873,0.263,0.263,0.27795478723404254,0.27795478723404254
1yy9_lh_vs_4g6m_a_decoy03,/mnt/ssd1/Projects/DesCARTes_wd/results/OTRtest/af3_outputs_99/decoy_json/1yy9_LH_vs_4g6m_A_decoy03/1yy9_lh_vs_4g6m_a_decoy03,/mnt/ssd1/Projects/DesCARTes_wd/results/OTRtest/af3_outputs_99/decoy_json/1yy9_LH_vs_4g6m_A_decoy03/1yy9_lh_vs_4g6m_a_decoy03/1yy9_lh_vs_4g6m_a_decoy03_model.cif,/mnt/ssd1/Projects/DesCARTes_wd/results/OTRtest/af3_outputs_99/decoy_json/1yy9_LH_vs_4g6m_A_decoy03/1yy9_lh_vs_4g6m_a_decoy03/1yy9_lh_vs_4g6m_a_decoy03_summary_confidences.json,/mnt/ssd1/Projects/DesCARTes_wd/results/OTRtest/af3_outputs_99/decoy_json/1yy9_LH_vs_4g6m_A_decoy03/1yy9_lh_vs_4g6m_a_decoy03/1yy9_lh_vs_4g6m_a_decoy03_confidences.json,A;B;C,A,B,C,proxy_first_120res,0.62,0.74,0.65,0.0,0.0,0.15,0.15,0.15,12.34,12.77,12.555,26.47312368024133,26.499862284820033,26.48649298253068,19,128,147,8,8,16,18,150,0.12,0.25850340136054417,1.0,,,,0.0,,0.0,0.0,0.12933333333333333,,0.25850340136054417,1.0,0.19772959183673466,0.322,0.322,0.2922053571428571,0.2922053571428571
1yy9_lh_vs_4lyl_c_decoy10,/mnt/ssd1/Projects/DesCARTes_wd/results/OTRtest/af3_outputs_99/decoy_json/1yy9_LH_vs_4lyl_C_decoy10/1yy9_lh_vs_4lyl_c_decoy10,/mnt/ssd1/Projects/DesCARTes_wd/results/OTRtest/af3_outputs_99/decoy_json/1yy9_LH_vs_4lyl_C_decoy10/1yy9_lh_vs_4lyl_c_decoy10/1yy9_lh_vs_4lyl_c_decoy10_model.cif,/mnt/ssd1/Projects/DesCARTes_wd/results/OTRtest/af3_outputs_99/decoy_json/1yy9_LH_vs_4lyl_C_decoy10/1yy9_lh_vs_4lyl_c_decoy10/1yy9_lh_vs_4lyl_c_decoy10_summary_confidences.json,/mnt/ssd1/Projects/DesCARTes_wd/results/OTRtest/af3_outputs_99/decoy_json/1yy9_LH_vs_4lyl_C_decoy10/1yy9_lh_vs_4lyl_c_decoy10/1yy9_lh_vs_4lyl_c_decoy10_confidences.json,A;B;C,A,B,C,proxy_first_120res,0.56,0.68,0.58,0.0,0.0,0.15,0.16,0.155,13.4,13.35,13.375,26.914384270438084,26.799668414071874,26.85702634225498,36,150,186,6,12,18,17,223,0.07623318385650224,0.3870967741935484,1.0,,,,0.0,,0.0,0.0,0.18133333333333335,,0.3870967741935484,1.0,0.23005376344086023,0.29200000000000004,0.29200000000000004,0.2825188172043011,0.2825188172043011
1yy9_lh_vs_4o27_a_decoy07,/mnt/ssd1/Projects/DesCARTes_wd/results/OTRtest/af3_outputs_99/decoy_json/1yy9_LH_vs_4o27_A_decoy07/1yy9_lh_vs_4o27_a_decoy07,/mnt/ssd1/Projects/DesCARTes_wd/results/OTRtest/af3_outputs_99/decoy_json/1yy9_LH_vs_4o27_A_decoy07/1yy9_lh_vs_4o27_a_decoy07/1yy9_lh_vs_4o27_a_decoy07_model.cif,/mnt/ssd1/Projects/DesCARTes_wd/results/OTRtest/af3_outputs_99/decoy_json/1yy9_LH_vs_4o27_A_decoy07/1yy9_lh_vs_4o27_a_decoy07/1yy9_lh_vs_4o27_a_decoy07_summary_confidences.json,/mnt/ssd1/Projects/DesCARTes_wd/results/OTRtest/af3_outputs_99/decoy_json/1yy9_LH_vs_4o27_A_decoy07/1yy9_lh_vs_4o27_a_decoy07/1yy9_lh_vs_4o27_a_decoy07_confidences.json,A;B;C,A,B,C,proxy_first_120res,0.49,0.62,0.52,0.0,0.0,0.17,0.17,0.17,14.36,14.41,14.385,27.08768813087365,27.00452148790177,27.04610480938771,113,205,318,12,18,30,28,325,0.08615384615384615,0.7106918238993711,1.0,,,,0.0,,0.0,0.0,0.35733333333333334,,0.7106918238993711,1.0,0.32550314465408803,0.258,0.258,0.29192610062893076,0.29192610062893076
1yy9_lh_vs_4x4m_f_decoy08,/mnt/ssd1/Projects/DesCARTes_wd/results/OTRtest/af3_outputs_99/decoy_json/1yy9_LH_vs_4x4m_F_decoy08/1yy9_lh_vs_4x4m_f_decoy08,/mnt/ssd1/Projects/DesCARTes_wd/results/OTRtest/af3_outputs_99/decoy_json/1yy9_LH_vs_4x4m_F_decoy08/1yy9_lh_vs_4x4m_f_decoy08/1yy9_lh_vs_4x4m_f_decoy08_model.cif,/mnt/ssd1/Projects/DesCARTes_wd/results/OTRtest/af3_outputs_99/decoy_json/1yy9_LH_vs_4x4m_F_decoy08/1yy9_lh_vs_4x4m_f_decoy08/1yy9_lh_vs_4x4m_f_decoy08_summary_confidences.json,/mnt/ssd1/Projects/DesCARTes_wd/results/OTRtest/af3_outputs_99/decoy_json/1yy9_LH_vs_4x4m_F_decoy08/1yy9_lh_vs_4x4m_f_decoy08/1yy9_lh_vs_4x4m_f_decoy08_confidences.json,A;B;C,A,B,C,proxy_first_120res,0.54,0.66,0.57,0.02,0.0,0.21,0.21,0.21,12.02,11.93,11.975,26.33254874537227,26.39158514724712,26.362066946309696,181,209,390,8,13,21,23,275,0.08363636363636363,0.9282051282051282,1.0,,,,0.0,,0.0,0.0,0.4533333333333333,,0.9282051282051282,1.0,0.38269230769230766,0.28200000000000003,0.28200000000000003,0.3289423076923077,0.3289423076923077
1yy9_lh_vs_6b3m_q_decoy06,/mnt/ssd1/Projects/DesCARTes_wd/results/OTRtest/af3_outputs_99/decoy_json/1yy9_LH_vs_6b3m_Q_decoy06/1yy9_lh_vs_6b3m_q_decoy06,/mnt/ssd1/Projects/DesCARTes_wd/results/OTRtest/af3_outputs_99/decoy_json/1yy9_LH_vs_6b3m_Q_decoy06/1yy9_lh_vs_6b3m_q_decoy06/1yy9_lh_vs_6b3m_q_decoy06_model.cif,/mnt/ssd1/Projects/DesCARTes_wd/results/OTRtest/af3_outputs_99/decoy_json/1yy9_LH_vs_6b3m_Q_decoy06/1yy9_lh_vs_6b3m_q_decoy06/1yy9_lh_vs_6b3m_q_decoy06_summary_confidences.json,/mnt/ssd1/Projects/DesCARTes_wd/results/OTRtest/af3_outputs_99/decoy_json/1yy9_LH_vs_6b3m_Q_decoy06/1yy9_lh_vs_6b3m_q_decoy06/1yy9_lh_vs_6b3m_q_decoy06_confidences.json,A;B;C,A,B,C,proxy_first_120res,0.44,0.58,0.49,0.04,0.0,0.09,0.09,0.09,20.88,21.06,20.97,30.33650898121486,30.25780836534357,30.297158673279213,96,104,200,9,9,18,15,330,0.045454545454545456,0.96,1.0,,,,0.0,,0.0,0.0,0.2,,0.96,1.0,0.3075,0.234,0.234,0.268625,0.268625
1yy9_lh_vs_6har_a_decoy09,/mnt/ssd1/Projects/DesCARTes_wd/results/OTRtest/af3_outputs_99/decoy_json/1yy9_LH_vs_6har_A_decoy09/1yy9_lh_vs_6har_a_decoy09,/mnt/ssd1/Projects/DesCARTes_wd/results/OTRtest/af3_outputs_99/decoy_json/1yy9_LH_vs_6har_A_decoy09/1yy9_lh_vs_6har_a_decoy09/1yy9_lh_vs_6har_a_decoy09_model.cif,/mnt/ssd1/Projects/DesCARTes_wd/results/OTRtest/af3_outputs_99/decoy_json/1yy9_LH_vs_6har_A_decoy09/1yy9_lh_vs_6har_a_decoy09/1yy9_lh_vs_6har_a_decoy09_summary_confidences.json,/mnt/ssd1/Projects/DesCARTes_wd/results/OTRtest/af3_outputs_99/decoy_json/1yy9_LH_vs_6har_A_decoy09/1yy9_lh_vs_6har_a_decoy09/1yy9_lh_vs_6har_a_decoy09_confidences.json,A;B;C,A,B,C,proxy_first_120res,0.54,0.67,0.57,0.0,0.0,0.13,0.13,0.13,15.49,15.34,15.415,27.53893321751778,27.944329518779345,27.74163136814856,23,179,202,3,11,14,14,224,0.0625,0.2277227722772277,1.0,,,,0.0,,0.0,0.0,0.20266666666666666,,0.2277227722772277,1.0,0.2167986798679868,0.28300000000000003,0.28300000000000003,0.2713795379537954,0.2713795379537954
1yy9_lh_vs_6p7y_a_decoy04,/mnt/ssd1/Projects/DesCARTes_wd/results/OTRtest/af3_outputs_99/decoy_json/1yy9_LH_vs_6p7y_A_decoy04/1yy9_lh_vs_6p7y_a_decoy04,/mnt/ssd1/Projects/DesCARTes_wd/results/OTRtest/af3_outputs_99/decoy_json/1yy9_LH_vs_6p7y_A_decoy04/1yy9_lh_vs_6p7y_a_decoy04/1yy9_lh_vs_6p7y_a_decoy04_model.cif,/mnt/ssd1/Projects/DesCARTes_wd/results/OTRtest/af3_outputs_99/decoy_json/1yy9_LH_vs_6p7y_A_decoy04/1yy9_lh_vs_6p7y_a_decoy04/1yy9_lh_vs_6p7y_a_decoy04_summary_confidences.json,/mnt/ssd1/Projects/DesCARTes_wd/results/OTRtest/af3_outputs_99/decoy_json/1yy9_LH_vs_6p7y_A_decoy04/1yy9_lh_vs_6p7y_a_decoy04/1yy9_lh_vs_6p7y_a_decoy04_confidences.json,A;B;C,A,B,C,proxy_first_120res,0.42,0.55,0.45,0.0,0.0,0.15,0.15,0.15,15.51,15.18,15.344999999999999,28.544877407134592,28.583543509116716,28.564210458125654,107,202,309,11,15,26,30,430,0.06976744186046512,0.6925566343042071,1.0,,,,0.0,,0.0,0.0,0.3453333333333333,,0.6925566343042071,1.0,0.3194862459546925,0.22300000000000003,0.22300000000000003,0.2653201860841424,0.2653201860841424
1yy9_lh_vs_6s29_a_decoy05,/mnt/ssd1/Projects/DesCARTes_wd/results/OTRtest/af3_outputs_99/decoy_json/1yy9_LH_vs_6s29_A_decoy05/1yy9_lh_vs_6s29_a_decoy05,/mnt/ssd1/Projects/DesCARTes_wd/results/OTRtest/af3_outputs_99/decoy_json/1yy9_LH_vs_6s29_A_decoy05/1yy9_lh_vs_6s29_a_decoy05/1yy9_lh_vs_6s29_a_decoy05_model.cif,/mnt/ssd1/Projects/DesCARTes_wd/results/OTRtest/af3_outputs_99/decoy_json/1yy9_LH_vs_6s29_A_decoy05/1yy9_lh_vs_6s29_a_decoy05/1yy9_lh_vs_6s29_a_decoy05_summary_confidences.json,/mnt/ssd1/Projects/DesCARTes_wd/results/OTRtest/af3_outputs_99/decoy_json/1yy9_LH_vs_6s29_A_decoy05/1yy9_lh_vs_6s29_a_decoy05/1yy9_lh_vs_6s29_a_decoy05_confidences.json,A;B;C,A,B,C,proxy_first_120res,0.59,0.68,0.62,0.02,0.0,0.39,0.38,0.385,10.53,10.61,10.57,20.693780911291167,20.573509662626925,20.633645286959045,86,213,299,9,15,24,21,430,0.04883720930232558,0.5752508361204014,1.0,,,,0.0,,0.0,0.0,0.332,,0.5752508361204014,1.0,0.3006563545150502,0.304,0.304,0.31622972408026756,0.31622972408026756
2vis_lh_vs_1ahw_c_decoy01,/mnt/ssd1/Projects/DesCARTes_wd/results/OTRtest/af3_outputs_99/decoy_json/2vis_LH_vs_1ahw_C_decoy01/2vis_lh_vs_1ahw_c_decoy01,/mnt/ssd1/Projects/DesCARTes_wd/results/OTRtest/af3_outputs_99/decoy_json/2vis_LH_vs_1ahw_C_decoy01/2vis_lh_vs_1ahw_c_decoy01/2vis_lh_vs_1ahw_c_decoy01_model.cif,/mnt/ssd1/Projects/DesCARTes_wd/results/OTRtest/af3_outputs_99/decoy_json/2vis_LH_vs_1ahw_C_decoy01/2vis_lh_vs_1ahw_c_decoy01/2vis_lh_vs_1ahw_c_decoy01_summary_confidences.json,/mnt/ssd1/Projects/DesCARTes_wd/results/OTRtest/af3_outputs_99/decoy_json/2vis_LH_vs_1ahw_C_decoy01/2vis_lh_vs_1ahw_c_decoy01/2vis_lh_vs_1ahw_c_decoy01_confidences.json,A;B;C,A,B,C,proxy_first_120res,0.52,0.64,0.55,0.02,0.0,0.15,0.14,0.14500000000000002,14.86,14.95,14.905,27.688655757350357,27.9161045879539,27.80238017265213,17,248,265,3,14,17,16,219,0.0730593607305936,0.1283018867924528,1.0,,,,0.0,,0.0,0.0,0.2866666666666667,,0.1283018867924528,1.0,0.23062106918238992,0.272,0.272,0.26871737421383646,0.26871737421383646
2vis_lh_vs_4g6m_a_decoy02,/mnt/ssd1/Projects/DesCARTes_wd/results/OTRtest/af3_outputs_99/decoy_json/2vis_LH_vs_4g6m_A_decoy02/2vis_lh_vs_4g6m_a_decoy02,/mnt/ssd1/Projects/DesCARTes_wd/results/OTRtest/af3_outputs_99/decoy_json/2vis_LH_vs_4g6m_A_decoy02/2vis_lh_vs_4g6m_a_decoy02/2vis_lh_vs_4g6m_a_decoy02_model.cif,/mnt/ssd1/Projects/DesCARTes_wd/results/OTRtest/af3_outputs_99/decoy_json/2vis_LH_vs_4g6m_A_decoy02/2vis_lh_vs_4g6m_a_decoy02/2vis_lh_vs_4g6m_a_decoy02_summary_confidences.json,/mnt/ssd1/Projects/DesCARTes_wd/results/OTRtest/af3_outputs_99/decoy_json/2vis_LH_vs_4g6m_A_decoy02/2vis_lh_vs_4g6m_a_decoy02/2vis_lh_vs_4g6m_a_decoy02_confidences.json,A;B;C,A,B,C,proxy_first_120res,0.59,0.69,0.61,0.0,0.0,0.16,0.16,0.16,13.87,13.94,13.905,26.220212669683256,26.317406349206347,26.2688095094448,22,221,243,3,17,20,18,150,0.12,0.18106995884773658,1.0,,,,0.0,,0.0,0.0,0.25733333333333336,,0.18106995884773658,1.0,0.22805041152263372,0.305,0.305,0.2913176440329218,0.2913176440329218
2vis_lh_vs_4hrl_c_decoy10,/mnt/ssd1/Projects/DesCARTes_wd/results/OTRtest/af3_outputs_99/decoy_json/2vis_LH_vs_4hrl_C_decoy10/2vis_lh_vs_4hrl_c_decoy10,/mnt/ssd1/Projects/DesCARTes_wd/results/OTRtest/af3_outputs_99/decoy_json/2vis_LH_vs_4hrl_C_decoy10/2vis_lh_vs_4hrl_c_decoy10/2vis_lh_vs_4hrl_c_decoy10_model.cif,/mnt/ssd1/Projects/DesCARTes_wd/results/OTRtest/af3_outputs_99/decoy_json/2vis_LH_vs_4hrl_C_decoy10/2vis_lh_vs_4hrl_c_decoy10/2vis_lh_vs_4hrl_c_decoy10_summary_confidences.json,/mnt/ssd1/Projects/DesCARTes_wd/results/OTRtest/af3_outputs_99/decoy_json/2vis_LH_vs_4hrl_C_decoy10/2vis_lh_vs_4hrl_c_decoy10/2vis_lh_vs_4hrl_c_decoy10_confidences.json,A;B;C,A,B,C,proxy_first_120res,0.55,0.66,0.57,0.0,0.0,0.16,0.16,0.16,13.01,12.86,12.934999999999999,26.232478632478635,26.30172318422319,26.267100908350912,107,183,290,6,13,19,14,198,0.0707070707070707,0.7379310344827585,1.0,,,,0.0,,0.0,0.0,0.32,,0.7379310344827585,1.0,0.31724137931034485,0.28600000000000003,0.28600000000000003,0.30903448275862067,0.30903448275862067
2vis_lh_vs_4lyl_c_decoy08,/mnt/ssd1/Projects/DesCARTes_wd/results/OTRtest/af3_outputs_99/decoy_json/2vis_LH_vs_4lyl_C_decoy08/2vis_lh_vs_4lyl_c_decoy08,/mnt/ssd1/Projects/DesCARTes_wd/results/OTRtest/af3_outputs_99/decoy_json/2vis_LH_vs_4lyl_C_decoy08/2vis_lh_vs_4lyl_c_decoy08/2vis_lh_vs_4lyl_c_decoy08_model.cif,/mnt/ssd1/Projects/DesCARTes_wd/results/OTRtest/af3_outputs_99/decoy_json/2vis_LH_vs_4lyl_C_decoy08/2vis_lh_vs_4lyl_c_decoy08/2vis_lh_vs_4lyl_c_decoy08_summary_confidences.json,/mnt/ssd1/Projects/DesCARTes_wd/results/OTRtest/af3_outputs_99/decoy_json/2vis_LH_vs_4lyl_C_decoy08/2vis_lh_vs_4lyl_c_decoy08/2vis_lh_vs_4lyl_c_decoy08_confidences.json,A;B;C,A,B,C,proxy_first_120res,0.5,0.62,0.52,0.0,0.0,0.12,0.12,0.12,17.53,17.23,17.380000000000003,28.699941156179616,28.477203715566947,28.58857243587328,51,171,222,5,11,16,12,223,0.053811659192825115,0.45945945945945943,1.0,,,,0.0,,0.0,0.0,0.22933333333333333,,0.45945945945945943,1.0,0.2540990990990991,0.262,0.262,0.2699346846846847,0.2699346846846847
2vis_lh_vs_4o27_a_decoy05,/mnt/ssd1/Projects/DesCARTes_wd/results/OTRtest/af3_outputs_99/decoy_json/2vis_LH_vs_4o27_A_decoy05/2vis_lh_vs_4o27_a_decoy05,/mnt/ssd1/Projects/DesCARTes_wd/results/OTRtest/af3_outputs_99/decoy_json/2vis_LH_vs_4o27_A_decoy05/2vis_lh_vs_4o27_a_decoy05/2vis_lh_vs_4o27_a_decoy05_model.cif,/mnt/ssd1/Projects/DesCARTes_wd/results/OTRtest/af3_outputs_99/decoy_json/2vis_LH_vs_4o27_A_decoy05/2vis_lh_vs_4o27_a_decoy05/2vis_lh_vs_4o27_a_decoy05_summary_confidences.json,/mnt/ssd1/Projects/DesCARTes_wd/results/OTRtest/af3_outputs_99/decoy_json/2vis_LH_vs_4o27_A_decoy05/2vis_lh_vs_4o27_a_decoy05/2vis_lh_vs_4o27_a_decoy05_confidences.json,A;B;C,A,B,C,proxy_first_120res,0.43,0.56,0.46,0.0,0.0,0.11,0.11,0.11,20.48,20.18,20.33,29.190197006613296,29.141913553113554,29.166055279863425,32,236,268,6,13,19,17,325,0.052307692307692305,0.23880597014925375,1.0,,,,0.0,,0.0,0.0,0.2906666666666667,,0.23880597014925375,1.0,0.24568407960199007,0.22800000000000004,0.22800000000000004,0.24298942786069652,0.24298942786069652
2vis_lh_vs_4x4m_f_decoy04,/mnt/ssd1/Projects/DesCARTes_wd/results/OTRtest/af3_outputs_99/decoy_json/2vis_LH_vs_4x4m_F_decoy04/2vis_lh_vs_4x4m_f_decoy04,/mnt/ssd1/Projects/DesCARTes_wd/results/OTRtest/af3_outputs_99/decoy_json/2vis_LH_vs_4x4m_F_decoy04/2vis_lh_vs_4x4m_f_decoy04/2vis_lh_vs_4x4m_f_decoy04_model.cif,/mnt/ssd1/Projects/DesCARTes_wd/results/OTRtest/af3_outputs_99/decoy_json/2vis_LH_vs_4x4m_F_decoy04/2vis_lh_vs_4x4m_f_decoy04/2vis_lh_vs_4x4m_f_decoy04_summary_confidences.json,/mnt/ssd1/Projects/DesCARTes_wd/results/OTRtest/af3_outputs_99/decoy_json/2vis_LH_vs_4x4m_F_decoy04/2vis_lh_vs_4x4m_f_decoy04/2vis_lh_vs_4x4m_f_decoy04_confidences.json,A;B;C,A,B,C,proxy_first_120res,0.48,0.6,0.51,0.02,0.0,0.14,0.14,0.14,14.23,14.99,14.61,27.587604278074863,27.95187965367965,27.76974196587726,44,163,207,4,12,16,13,275,0.04727272727272727,0.4251207729468599,1.0,,,,0.0,,0.0,0.0,0.20933333333333334,,0.4251207729468599,1.0,0.24355676328502415,0.252,0.252,0.2592448671497584,0.2592448671497584
2vis_lh_vs_5nx1_a_decoy09,/mnt/ssd1/Projects/DesCARTes_wd/results/OTRtest/af3_outputs_99/decoy_json/2vis_LH_vs_5nx1_A_decoy09/2vis_lh_vs_5nx1_a_decoy09,/mnt/ssd1/Projects/DesCARTes_wd/results/OTRtest/af3_outputs_99/decoy_json/2vis_LH_vs_5nx1_A_decoy09/2vis_lh_vs_5nx1_a_decoy09/2vis_lh_vs_5nx1_a_decoy09_model.cif,/mnt/ssd1/Projects/DesCARTes_wd/results/OTRtest/af3_outputs_99/decoy_json/2vis_LH_vs_5nx1_A_decoy09/2vis_lh_vs_5nx1_a_decoy09/2vis_lh_vs_5nx1_a_decoy09_summary_confidences.json,/mnt/ssd1/Projects/DesCARTes_wd/results/OTRtest/af3_outputs_99/decoy_json/2vis_LH_vs_5nx1_A_decoy09/2vis_lh_vs_5nx1_a_decoy09/2vis_lh_vs_5nx1_a_decoy09_confidences.json,A;B;C,A,B,C,proxy_first_120res,0.67,0.74,0.68,0.0,0.0,0.45,0.42,0.435,7.5,8.83,8.165,19.613714668344052,19.749659406363442,19.681687037353747,37,173,210,5,15,20,25,223,0.11210762331838565,0.35238095238095235,1.0,,,,0.0,,0.0,0.0,0.21333333333333335,,0.35238095238095235,1.0,0.2357142857142857,0.342,0.342,0.3205,0.3205
2vis_lh_vs_6b3m_q_decoy06,/mnt/ssd1/Projects/DesCARTes_wd/results/OTRtest/af3_outputs_99/decoy_json/2vis_LH_vs_6b3m_Q_decoy06/2vis_lh_vs_6b3m_q_decoy06,/mnt/ssd1/Projects/DesCARTes_wd/results/OTRtest/af3_outputs_99/decoy_json/2vis_LH_vs_6b3m_Q_decoy06/2vis_lh_vs_6b3m_q_decoy06/2vis_lh_vs_6b3m_q_decoy06_model.cif,/mnt/ssd1/Projects/DesCARTes_wd/results/OTRtest/af3_outputs_99/decoy_json/2vis_LH_vs_6b3m_Q_decoy06/2vis_lh_vs_6b3m_q_decoy06/2vis_lh_vs_6b3m_q_decoy06_summary_confidences.json,/mnt/ssd1/Projects/DesCARTes_wd/results/OTRtest/af3_outputs_99/decoy_json/2vis_LH_vs_6b3m_Q_decoy06/2vis_lh_vs_6b3m_q_decoy06/2vis_lh_vs_6b3m_q_decoy06_confidences.json,A;B;C,A,B,C,proxy_first_120res,0.44,0.56,0.48,0.04,0.0,0.13,0.13,0.13,16.47,16.54,16.505,28.771068833127654,28.816736652236653,28.793902742682153,23,152,175,5,14,19,15,330,0.045454545454545456,0.2628571428571429,1.0,,,,0.0,,0.0,0.0,0.16666666666666666,,0.2628571428571429,1.0,0.2099404761904762,0.23200000000000004,0.23200000000000004,0.23347916666666668,0.23347916666666668
2vis_lh_vs_6har_a_decoy07,/mnt/ssd1/Projects/DesCARTes_wd/results/OTRtest/af3_outputs_99/decoy_json/2vis_LH_vs_6har_A_decoy07/2vis_lh_vs_6har_a_decoy07,/mnt/ssd1/Projects/DesCARTes_wd/results/OTRtest/af3_outputs_99/decoy_json/2vis_LH_vs_6har_A_decoy07/2vis_lh_vs_6har_a_decoy07/2vis_lh_vs_6har_a_decoy07_model.cif,/mnt/ssd1/Projects/DesCARTes_wd/results/OTRtest/af3_outputs_99/decoy_json/2vis_LH_vs_6har_A_decoy07/2vis_lh_vs_6har_a_decoy07/2vis_lh_vs_6har_a_decoy07_summary_confidences.json,/mnt/ssd1/Projects/DesCARTes_wd/results/OTRtest/af3_outputs_99/decoy_json/2vis_LH_vs_6har_A_decoy07/2vis_lh_vs_6har_a_decoy07/2vis_lh_vs_6har_a_decoy07_confidences.json,A;B;C,A,B,C,proxy_first_120res,0.52,0.63,0.54,0.0,0.0,0.17,0.16,0.165,14.57,14.48,14.525,27.177305874272786,27.208193027210882,27.192749450741836,47,190,237,4,11,15,22,224,0.09821428571428571,0.3966244725738397,1.0,,,,0.0,,0.0,0.0,0.24933333333333332,,0.3966244725738397,1.0,0.25249472573839665,0.271,0.271,0.2758731540084388,0.2758731540084388
2vis_lh_vs_6o3b_c_decoy03,/mnt/ssd1/Projects/DesCARTes_wd/results/OTRtest/af3_outputs_99/decoy_json/2vis_LH_vs_6o3b_C_decoy03/2vis_lh_vs_6o3b_c_decoy03,/mnt/ssd1/Projects/DesCARTes_wd/results/OTRtest/af3_outputs_99/decoy_json/2vis_LH_vs_6o3b_C_decoy03/2vis_lh_vs_6o3b_c_decoy03/2vis_lh_vs_6o3b_c_decoy03_model.cif,/mnt/ssd1/Projects/DesCARTes_wd/results/OTRtest/af3_outputs_99/decoy_json/2vis_LH_vs_6o3b_C_decoy03/2vis_lh_vs_6o3b_c_decoy03/2vis_lh_vs_6o3b_c_decoy03_summary_confidences.json,/mnt/ssd1/Projects/DesCARTes_wd/results/OTRtest/af3_outputs_99/decoy_json/2vis_LH_vs_6o3b_C_decoy03/2vis_lh_vs_6o3b_c_decoy03/2vis_lh_vs_6o3b_c_decoy03_confidences.json,A;B;C,A,B,C,proxy_first_120res,0.6,0.7,0.63,0.02,0.0,0.16,0.16,0.16,13.79,14.03,13.91,26.456103749191985,26.42999829931973,26.44305102425586,84,291,375,6,14,20,21,140,0.15,0.44799999999999995,1.0,,,,0.0,,0.0,0.0,0.43333333333333335,,0.44799999999999995,1.0,0.3164166666666666,0.31,0.31,0.3257458333333333,0.3257458333333333
4g6m_lh_vs_1ahw_c_decoy10,/mnt/ssd1/Projects/DesCARTes_wd/results/OTRtest/af3_outputs_99/decoy_json/4g6m_LH_vs_1ahw_C_decoy10/4g6m_lh_vs_1ahw_c_decoy10,/mnt/ssd1/Projects/DesCARTes_wd/results/OTRtest/af3_outputs_99/decoy_json/4g6m_LH_vs_1ahw_C_decoy10/4g6m_lh_vs_1ahw_c_decoy10/4g6m_lh_vs_1ahw_c_decoy10_model.cif,/mnt/ssd1/Projects/DesCARTes_wd/results/OTRtest/af3_outputs_99/decoy_json/4g6m_LH_vs_1ahw_C_decoy10/4g6m_lh_vs_1ahw_c_decoy10/4g6m_lh_vs_1ahw_c_decoy10_summary_confidences.json,/mnt/ssd1/Projects/DesCARTes_wd/results/OTRtest/af3_outputs_99/decoy_json/4g6m_LH_vs_1ahw_C_decoy10/4g6m_lh_vs_1ahw_c_decoy10/4g6m_lh_vs_1ahw_c_decoy10_confidences.json,A;B;C,A,B,C,proxy_first_120res,0.51,0.63,0.55,0.02,0.0,0.15,0.15,0.15,14.88,15.38,15.13,27.48506849315069,27.40135164104873,27.44321006709971,74,229,303,7,19,26,22,219,0.1004566210045662,0.4884488448844885,1.0,,,,0.0,,0.0,0.0,0.3373333333333333,,0.4884488448844885,1.0,0.29147277227722773,0.267,0.267,0.28651547029702973,0.28651547029702973
4g6m_lh_vs_1mlc_e_decoy02,/mnt/ssd1/Projects/DesCARTes_wd/results/OTRtest/af3_outputs_99/decoy_json/4g6m_LH_vs_1mlc_E_decoy02/4g6m_lh_vs_1mlc_e_decoy02,/mnt/ssd1/Projects/DesCARTes_wd/results/OTRtest/af3_outputs_99/decoy_json/4g6m_LH_vs_1mlc_E_decoy02/4g6m_lh_vs_1mlc_e_decoy02/4g6m_lh_vs_1mlc_e_decoy02_model.cif,/mnt/ssd1/Projects/DesCARTes_wd/results/OTRtest/af3_outputs_99/decoy_json/4g6m_LH_vs_1mlc_E_decoy02/4g6m_lh_vs_1mlc_e_decoy02/4g6m_lh_vs_1mlc_e_decoy02_summary_confidences.json,/mnt/ssd1/Projects/DesCARTes_wd/results/OTRtest/af3_outputs_99/decoy_json/4g6m_LH_vs_1mlc_E_decoy02/4g6m_lh_vs_1mlc_e_decoy02/4g6m_lh_vs_1mlc_e_decoy02_confidences.json,A;B;C,A,B,C,proxy_first_120res,0.59,0.69,0.61,0.0,0.0,0.13,0.13,0.13,14.11,13.89,14.0,27.117304439746302,26.901790588492194,27.009547514119248,114,125,239,10,6,16,15,129,0.11627906976744186,0.9539748953974896,1.0,,,,0.0,,0.0,0.0,0.252,,0.9539748953974896,1.0,0.3229968619246862,0.305,0.305,0.32454890167364014,0.32454890167364014
4g6m_lh_vs_1vfb_c_decoy03,/mnt/ssd1/Projects/DesCARTes_wd/results/OTRtest/af3_outputs_99/decoy_json/4g6m_LH_vs_1vfb_C_decoy03/4g6m_lh_vs_1vfb_c_decoy03,/mnt/ssd1/Projects/DesCARTes_wd/results/OTRtest/af3_outputs_99/decoy_json/4g6m_LH_vs_1vfb_C_decoy03/4g6m_lh_vs_1vfb_c_decoy03/4g6m_lh_vs_1vfb_c_decoy03_model.cif,/mnt/ssd1/Projects/DesCARTes_wd/results/OTRtest/af3_outputs_99/decoy_json/4g6m_LH_vs_1vfb_C_decoy03/4g6m_lh_vs_1vfb_c_decoy03/4g6m_lh_vs_1vfb_c_decoy03_summary_confidences.json,/mnt/ssd1/Projects/DesCARTes_wd/results/OTRtest/af3_outputs_99/decoy_json/4g6m_LH_vs_1vfb_C_decoy03/4g6m_lh_vs_1vfb_c_decoy03/4g6m_lh_vs_1vfb_c_decoy03_confidences.json,A;B;C,A,B,C,proxy_first_120res,0.59,0.69,0.61,0.0,0.0,0.13,0.13,0.13,14.11,13.89,14.0,27.117304439746302,26.901790588492194,27.009547514119248,114,125,239,10,6,16,15,129,0.11627906976744186,0.9539748953974896,1.0,,,,0.0,,0.0,0.0,0.252,,0.9539748953974896,1.0,0.3229968619246862,0.305,0.305,0.32454890167364014,0.32454890167364014
4g6m_lh_vs_4hrl_c_decoy08,/mnt/ssd1/Projects/DesCARTes_wd/results/OTRtest/af3_outputs_99/decoy_json/4g6m_LH_vs_4hrl_C_decoy08/4g6m_lh_vs_4hrl_c_decoy08,/mnt/ssd1/Projects/DesCARTes_wd/results/OTRtest/af3_outputs_99/decoy_json/4g6m_LH_vs_4hrl_C_decoy08/4g6m_lh_vs_4hrl_c_decoy08/4g6m_lh_vs_4hrl_c_decoy08_model.cif,/mnt/ssd1/Projects/DesCARTes_wd/results/OTRtest/af3_outputs_99/decoy_json/4g6m_LH_vs_4hrl_C_decoy08/4g6m_lh_vs_4hrl_c_decoy08/4g6m_lh_vs_4hrl_c_decoy08_summary_confidences.json,/mnt/ssd1/Projects/DesCARTes_wd/results/OTRtest/af3_outputs_99/decoy_json/4g6m_LH_vs_4hrl_C_decoy08/4g6m_lh_vs_4hrl_c_decoy08/4g6m_lh_vs_4hrl_c_decoy08_confidences.json,A;B;C,A,B,C,proxy_first_120res,0.52,0.63,0.54,0.0,0.0,0.12,0.12,0.12,15.77,15.74,15.754999999999999,28.267956841138663,28.159352918859963,28.21365487999931,59,103,162,5,9,14,15,198,0.07575757575757576,0.7283950617283951,1.0,,,,0.0,,0.0,0.0,0.14933333333333335,,0.7283950617283951,1.0,0.26271604938271603,0.271,0.271,0.2794506172839506,0.2794506172839506
4g6m_lh_vs_5gpg_a_decoy06,/mnt/ssd1/Projects/DesCARTes_wd/results/OTRtest/af3_outputs_99/decoy_json/4g6m_LH_vs_5gpg_A_decoy06/4g6m_lh_vs_5gpg_a_decoy06,/mnt/ssd1/Projects/DesCARTes_wd/results/OTRtest/af3_outputs_99/decoy_json/4g6m_LH_vs_5gpg_A_decoy06/4g6m_lh_vs_5gpg_a_decoy06/4g6m_lh_vs_5gpg_a_decoy06_model.cif,/mnt/ssd1/Projects/DesCARTes_wd/results/OTRtest/af3_outputs_99/decoy_json/4g6m_LH_vs_5gpg_A_decoy06/4g6m_lh_vs_5gpg_a_decoy06/4g6m_lh_vs_5gpg_a_decoy06_summary_confidences.json,/mnt/ssd1/Projects/DesCARTes_wd/results/OTRtest/af3_outputs_99/decoy_json/4g6m_LH_vs_5gpg_A_decoy06/4g6m_lh_vs_5gpg_a_decoy06/4g6m_lh_vs_5gpg_a_decoy06_confidences.json,A;B;C,A,B,C,proxy_first_120res,0.62,0.71,0.64,0.0,0.0,0.19,0.18,0.185,12.43,12.04,12.235,25.15528749028749,25.215573211347863,25.185430350817676,32,198,230,3,11,14,14,117,0.11965811965811966,0.27826086956521734,1.0,,,,0.0,,0.0,0.0,0.24,,0.27826086956521734,1.0,0.23478260869565218,0.319,0.319,0.30367391304347824,0.30367391304347824
4g6m_lh_vs_5vx2_c_decoy04,/mnt/ssd1/Projects/DesCARTes_wd/results/OTRtest/af3_outputs_99/decoy_json/4g6m_LH_vs_5vx2_C_decoy04/4g6m_lh_vs_5vx2_c_decoy04,/mnt/ssd1/Projects/DesCARTes_wd/results/OTRtest/af3_outputs_99/decoy_json/4g6m_LH_vs_5vx2_C_decoy04/4g6m_lh_vs_5vx2_c_decoy04/4g6m_lh_vs_5vx2_c_decoy04_model.cif,/mnt/ssd1/Projects/DesCARTes_wd/results/OTRtest/af3_outputs_99/decoy_json/4g6m_LH_vs_5vx2_C_decoy04/4g6m_lh_vs_5vx2_c_decoy04/4g6m_lh_vs_5vx2_c_decoy04_summary_confidences.json,/mnt/ssd1/Projects/DesCARTes_wd/results/OTRtest/af3_outputs_99/decoy_json/4g6m_LH_vs_5vx2_C_decoy04/4g6m_lh_vs_5vx2_c_decoy04/4g6m_lh_vs_5vx2_c_decoy04_confidences.json,A;B;C,A,B,C,proxy_first_120res,0.58,0.68,0.61,0.02,0.0,0.17,0.17,0.17,13.41,12.88,13.145,26.080457351290686,25.823017736045905,25.951737543668294,79,173,252,8,9,17,17,162,0.10493827160493827,0.626984126984127,1.0,,,,0.0,,0.0,0.0,0.2693333333333333,,0.626984126984127,1.0,0.28753968253968254,0.3,0.3,0.3086388888888889,0.3086388888888889
4g6m_lh_vs_6dmx_i_decoy09,/mnt/ssd1/Projects/DesCARTes_wd/results/OTRtest/af3_outputs_99/decoy_json/4g6m_LH_vs_6dmx_I_decoy09/4g6m_lh_vs_6dmx_i_decoy09,/mnt/ssd1/Projects/DesCARTes_wd/results/OTRtest/af3_outputs_99/decoy_json/4g6m_LH_vs_6dmx_I_decoy09/4g6m_lh_vs_6dmx_i_decoy09/4g6m_lh_vs_6dmx_i_decoy09_model.cif,/mnt/ssd1/Projects/DesCARTes_wd/results/OTRtest/af3_outputs_99/decoy_json/4g6m_LH_vs_6dmx_I_decoy09/4g6m_lh_vs_6dmx_i_decoy09/4g6m_lh_vs_6dmx_i_decoy09_summary_confidences.json,/mnt/ssd1/Projects/DesCARTes_wd/results/OTRtest/af3_outputs_99/decoy_json/4g6m_LH_vs_6dmx_I_decoy09/4g6m_lh_vs_6dmx_i_decoy09/4g6m_lh_vs_6dmx_i_decoy09_confidences.json,A;B;C,A,B,C,proxy_first_120res,0.66,0.74,0.68,0.0,0.0,0.16,0.16,0.16,12.84,13.02,12.93,25.733019111570247,25.779460093896713,25.75623960273348,66,136,202,4,10,14,12,88,0.13636363636363635,0.6534653465346535,1.0,,,,0.0,,0.0,0.0,0.20266666666666666,,0.6534653465346535,1.0,0.270016501650165,0.338,0.338,0.3295057755775578,0.3295057755775578
4g6m_lh_vs_6j9m_d_decoy05,/mnt/ssd1/Projects/DesCARTes_wd/results/OTRtest/af3_outputs_99/decoy_json/4g6m_LH_vs_6j9m_D_decoy05/4g6m_lh_vs_6j9m_d_decoy05,/mnt/ssd1/Projects/DesCARTes_wd/results/OTRtest/af3_outputs_99/decoy_json/4g6m_LH_vs_6j9m_D_decoy05/4g6m_lh_vs_6j9m_d_decoy05/4g6m_lh_vs_6j9m_d_decoy05_model.cif,/mnt/ssd1/Projects/DesCARTes_wd/results/OTRtest/af3_outputs_99/decoy_json/4g6m_LH_vs_6j9m_D_decoy05/4g6m_lh_vs_6j9m_d_decoy05/4g6m_lh_vs_6j9m_d_decoy05_summary_confidences.json,/mnt/ssd1/Projects/DesCARTes_wd/results/OTRtest/af3_outputs_99/decoy_json/4g6m_LH_vs_6j9m_D_decoy05/4g6m_lh_vs_6j9m_d_decoy05/4g6m_lh_vs_6j9m_d_decoy05_confidences.json,A;B;C,A,B,C,proxy_first_120res,0.61,0.71,0.63,0.01,0.0,0.15,0.15,0.15,13.49,13.58,13.535,26.387640000000005,26.140918309859153,26.26427915492958,122,239,361,11,16,27,23,125,0.184,0.6759002770083102,1.0,,,,0.0,,0.0,0.0,0.4146666666666667,,0.6759002770083102,1.0,0.33907086795937214,0.315,0.315,0.33717480378578024,0.33717480378578024
4g6m_lh_vs_6nmt_c_decoy07,/mnt/ssd1/Projects/DesCARTes_wd/results/OTRtest/af3_outputs_99/decoy_json/4g6m_LH_vs_6nmt_C_decoy07/4g6m_lh_vs_6nmt_c_decoy07,/mnt/ssd1/Projects/DesCARTes_wd/results/OTRtest/af3_outputs_99/decoy_json/4g6m_LH_vs_6nmt_C_decoy07/4g6m_lh_vs_6nmt_c_decoy07/4g6m_lh_vs_6nmt_c_decoy07_model.cif,/mnt/ssd1/Projects/DesCARTes_wd/results/OTRtest/af3_outputs_99/decoy_json/4g6m_LH_vs_6nmt_C_decoy07/4g6m_lh_vs_6nmt_c_decoy07/4g6m_lh_vs_6nmt_c_decoy07_summary_confidences.json,/mnt/ssd1/Projects/DesCARTes_wd/results/OTRtest/af3_outputs_99/decoy_json/4g6m_LH_vs_6nmt_C_decoy07/4g6m_lh_vs_6nmt_c_decoy07/4g6m_lh_vs_6nmt_c_decoy07_confidences.json,A;B;C,A,B,C,proxy_first_120res,0.6,0.7,0.63,0.02,0.0,0.14,0.14,0.14,14.14,14.69,14.415,26.716666070150318,26.944809803704118,26.830737936927218,107,296,403,8,13,21,16,127,0.12598425196850394,0.5310173697270472,1.0,,,,0.0,,0.0,0.0,0.4706666666666667,,0.5310173697270472,1.0,0.3384605045492142,0.31,0.31,0.33346117659222496,0.33346117659222496
4g6m_lh_vs_6o3b_c_decoy01,/mnt/ssd1/Projects/DesCARTes_wd/results/OTRtest/af3_outputs_99/decoy_json/4g6m_LH_vs_6o3b_C_decoy01/4g6m_lh_vs_6o3b_c_decoy01,/mnt/ssd1/Projects/DesCARTes_wd/results/OTRtest/af3_outputs_99/decoy_json/4g6m_LH_vs_6o3b_C_decoy01/4g6m_lh_vs_6o3b_c_decoy01/4g6m_lh_vs_6o3b_c_decoy01_model.cif,/mnt/ssd1/Projects/DesCARTes_wd/results/OTRtest/af3_outputs_99/decoy_json/4g6m_LH_vs_6o3b_C_decoy01/4g6m_lh_vs_6o3b_c_decoy01/4g6m_lh_vs_6o3b_c_decoy01_summary_confidences.json,/mnt/ssd1/Projects/DesCARTes_wd/results/OTRtest/af3_outputs_99/decoy_json/4g6m_LH_vs_6o3b_C_decoy01/4g6m_lh_vs_6o3b_c_decoy01/4g6m_lh_vs_6o3b_c_decoy01_confidences.json,A;B;C,A,B,C,proxy_first_120res,0.61,0.71,0.64,0.01,0.0,0.21,0.2,0.20500000000000002,12.47,12.49,12.48,24.585688311688312,24.630191146881288,24.6079397292848,84,216,300,6,14,20,15,140,0.10714285714285714,0.56,1.0,,,,0.0,,0.0,0.0,0.3333333333333333,,0.56,1.0,0.29916666666666664,0.315,0.315,0.3232083333333333,0.3232083333333333
6dca_lh_vs_1mlc_e_decoy02,/mnt/ssd1/Projects/DesCARTes_wd/results/OTRtest/af3_outputs_99/decoy_json/6dca_LH_vs_1mlc_E_decoy02/6dca_lh_vs_1mlc_e_decoy02,/mnt/ssd1/Projects/DesCARTes_wd/results/OTRtest/af3_outputs_99/decoy_json/6dca_LH_vs_1mlc_E_decoy02/6dca_lh_vs_1mlc_e_decoy02/6dca_lh_vs_1mlc_e_decoy02_model.cif,/mnt/ssd1/Projects/DesCARTes_wd/results/OTRtest/af3_outputs_99/decoy_json/6dca_LH_vs_1mlc_E_decoy02/6dca_lh_vs_1mlc_e_decoy02/6dca_lh_vs_1mlc_e_decoy02_summary_confidences.json,/mnt/ssd1/Projects/DesCARTes_wd/results/OTRtest/af3_outputs_99/decoy_json/6dca_LH_vs_1mlc_E_decoy02/6dca_lh_vs_1mlc_e_decoy02/6dca_lh_vs_1mlc_e_decoy02_confidences.json,A;B;C,A,B,C,proxy_first_120res,0.59,0.69,0.61,0.01,0.0,0.13,0.14,0.135,17.0,15.42,16.21,27.419523659195345,26.558692482753717,26.98910807097453,117,42,159,17,5,22,16,129,0.12403100775193798,0.5283018867924528,1.0,,,,0.0,,0.0,0.0,0.14533333333333334,,0.5283018867924528,1.0,0.23645440251572328,0.305,0.305,0.29425904088050314,0.29425904088050314
6dca_lh_vs_1vfb_c_decoy03,/mnt/ssd1/Projects/DesCARTes_wd/results/OTRtest/af3_outputs_99/decoy_json/6dca_LH_vs_1vfb_C_decoy03/6dca_lh_vs_1vfb_c_decoy03,/mnt/ssd1/Projects/DesCARTes_wd/results/OTRtest/af3_outputs_99/decoy_json/6dca_LH_vs_1vfb_C_decoy03/6dca_lh_vs_1vfb_c_decoy03/6dca_lh_vs_1vfb_c_decoy03_model.cif,/mnt/ssd1/Projects/DesCARTes_wd/results/OTRtest/af3_outputs_99/decoy_json/6dca_LH_vs_1vfb_C_decoy03/6dca_lh_vs_1vfb_c_decoy03/6dca_lh_vs_1vfb_c_decoy03_summary_confidences.json,/mnt/ssd1/Projects/DesCARTes_wd/results/OTRtest/af3_outputs_99/decoy_json/6dca_LH_vs_1vfb_C_decoy03/6dca_lh_vs_1vfb_c_decoy03/6dca_lh_vs_1vfb_c_decoy03_confidences.json,A;B;C,A,B,C,proxy_first_120res,0.59,0.69,0.61,0.01,0.0,0.13,0.14,0.135,17.0,15.42,16.21,27.419523659195345,26.558692482753717,26.98910807097453,117,42,159,17,5,22,16,129,0.12403100775193798,0.5283018867924528,1.0,,,,0.0,,0.0,0.0,0.14533333333333334,,0.5283018867924528,1.0,0.23645440251572328,0.305,0.305,0.29425904088050314,0.29425904088050314
6dca_lh_vs_4g6m_a_decoy08,/mnt/ssd1/Projects/DesCARTes_wd/results/OTRtest/af3_outputs_99/decoy_json/6dca_LH_vs_4g6m_A_decoy08/6dca_lh_vs_4g6m_a_decoy08,/mnt/ssd1/Projects/DesCARTes_wd/results/OTRtest/af3_outputs_99/decoy_json/6dca_LH_vs_4g6m_A_decoy08/6dca_lh_vs_4g6m_a_decoy08/6dca_lh_vs_4g6m_a_decoy08_model.cif,/mnt/ssd1/Projects/DesCARTes_wd/results/OTRtest/af3_outputs_99/decoy_json/6dca_LH_vs_4g6m_A_decoy08/6dca_lh_vs_4g6m_a_decoy08/6dca_lh_vs_4g6m_a_decoy08_summary_confidences.json,/mnt/ssd1/Projects/DesCARTes_wd/results/OTRtest/af3_outputs_99/decoy_json/6dca_LH_vs_4g6m_A_decoy08/6dca_lh_vs_4g6m_a_decoy08/6dca_lh_vs_4g6m_a_decoy08_confidences.json,A;B;C,A,B,C,proxy_first_120res,0.58,0.68,0.6,0.0,0.0,0.15,0.14,0.14500000000000002,14.38,14.88,14.63,26.912027149321265,26.728581039755355,26.820304094538308,83,242,325,10,22,32,22,150,0.14666666666666667,0.5107692307692308,1.0,,,,0.0,,0.0,0.0,0.36666666666666664,,0.5107692307692308,1.0,0.30342948717948715,0.3,0.3,0.3142003205128205,0.3142003205128205
6dca_lh_vs_4hrl_c_decoy10,/mnt/ssd1/Projects/DesCARTes_wd/results/OTRtest/af3_outputs_99/decoy_json/6dca_LH_vs_4hrl_C_decoy10/6dca_lh_vs_4hrl_c_decoy10,/mnt/ssd1/Projects/DesCARTes_wd/results/OTRtest/af3_outputs_99/decoy_json/6dca_LH_vs_4hrl_C_decoy10/6dca_lh_vs_4hrl_c_decoy10/6dca_lh_vs_4hrl_c_decoy10_model.cif,/mnt/ssd1/Projects/DesCARTes_wd/results/OTRtest/af3_outputs_99/decoy_json/6dca_LH_vs_4hrl_C_decoy10/6dca_lh_vs_4hrl_c_decoy10/6dca_lh_vs_4hrl_c_decoy10_summary_confidences.json,/mnt/ssd1/Projects/DesCARTes_wd/results/OTRtest/af3_outputs_99/decoy_json/6dca_LH_vs_4hrl_C_decoy10/6dca_lh_vs_4hrl_c_decoy10/6dca_lh_vs_4hrl_c_decoy10_confidences.json,A;B;C,A,B,C,proxy_first_120res,0.59,0.68,0.61,0.01,0.0,0.25,0.24,0.245,11.16,11.12,11.14,24.55911490470314,24.419467611898803,24.489291258300973,107,166,273,9,19,28,19,198,0.09595959595959595,0.7838827838827839,1.0,,,,0.0,,0.0,0.0,0.29733333333333334,,0.7838827838827839,1.0,0.3159020146520146,0.304,0.304,0.3215657051282051,0.3215657051282051
6dca_lh_vs_5gpg_a_decoy05,/mnt/ssd1/Projects/DesCARTes_wd/results/OTRtest/af3_outputs_99/decoy_json/6dca_LH_vs_5gpg_A_decoy05/6dca_lh_vs_5gpg_a_decoy05,/mnt/ssd1/Projects/DesCARTes_wd/results/OTRtest/af3_outputs_99/decoy_json/6dca_LH_vs_5gpg_A_decoy05/6dca_lh_vs_5gpg_a_decoy05/6dca_lh_vs_5gpg_a_decoy05_model.cif,/mnt/ssd1/Projects/DesCARTes_wd/results/OTRtest/af3_outputs_99/decoy_json/6dca_LH_vs_5gpg_A_decoy05/6dca_lh_vs_5gpg_a_decoy05/6dca_lh_vs_5gpg_a_decoy05_summary_confidences.json,/mnt/ssd1/Projects/DesCARTes_wd/results/OTRtest/af3_outputs_99/decoy_json/6dca_LH_vs_5gpg_A_decoy05/6dca_lh_vs_5gpg_a_decoy05/6dca_lh_vs_5gpg_a_decoy05_confidences.json,A;B;C,A,B,C,proxy_first_120res,0.6,0.69,0.62,0.01,0.0,0.13,0.12,0.125,15.43,15.97,15.7,27.27682639130603,27.359333098094567,27.3180797447003,96,280,376,7,19,26,23,117,0.19658119658119658,0.5106382978723405,1.0,,,,0.0,,0.0,0.0,0.43466666666666665,,0.5106382978723405,1.0,0.3246631205673759,0.309,0.309,0.3281320921985815,0.3281320921985815
6dca_lh_vs_5vx2_c_decoy09,/mnt/ssd1/Projects/DesCARTes_wd/results/OTRtest/af3_outputs_99/decoy_json/6dca_LH_vs_5vx2_C_decoy09/6dca_lh_vs_5vx2_c_decoy09,/mnt/ssd1/Projects/DesCARTes_wd/results/OTRtest/af3_outputs_99/decoy_json/6dca_LH_vs_5vx2_C_decoy09/6dca_lh_vs_5vx2_c_decoy09/6dca_lh_vs_5vx2_c_decoy09_model.cif,/mnt/ssd1/Projects/DesCARTes_wd/results/OTRtest/af3_outputs_99/decoy_json/6dca_LH_vs_5vx2_C_decoy09/6dca_lh_vs_5vx2_c_decoy09/6dca_lh_vs_5vx2_c_decoy09_summary_confidences.json,/mnt/ssd1/Projects/DesCARTes_wd/results/OTRtest/af3_outputs_99/decoy_json/6dca_LH_vs_5vx2_C_decoy09/6dca_lh_vs_5vx2_c_decoy09/6dca_lh_vs_5vx2_c_decoy09_confidences.json,A;B;C,A,B,C,proxy_first_120res,0.58,0.68,0.61,0.03,0.0,0.32,0.29,0.305,5.7,5.89,5.795,25.889314842746217,25.46889511835995,25.679104980553085,131,359,490,15,21,36,25,162,0.15432098765432098,0.5346938775510204,1.0,,,,0.0,,0.0,0.0,0.5866666666666667,,0.5346938775510204,1.0,0.37517006802721087,0.3,0.3,0.3393095238095238,0.3393095238095238
6dca_lh_vs_6dmx_i_decoy04,/mnt/ssd1/Projects/DesCARTes_wd/results/OTRtest/af3_outputs_99/decoy_json/6dca_LH_vs_6dmx_I_decoy04/6dca_lh_vs_6dmx_i_decoy04,/mnt/ssd1/Projects/DesCARTes_wd/results/OTRtest/af3_outputs_99/decoy_json/6dca_LH_vs_6dmx_I_decoy04/6dca_lh_vs_6dmx_i_decoy04/6dca_lh_vs_6dmx_i_decoy04_model.cif,/mnt/ssd1/Projects/DesCARTes_wd/results/OTRtest/af3_outputs_99/decoy_json/6dca_LH_vs_6dmx_I_decoy04/6dca_lh_vs_6dmx_i_decoy04/6dca_lh_vs_6dmx_i_decoy04_summary_confidences.json,/mnt/ssd1/Projects/DesCARTes_wd/results/OTRtest/af3_outputs_99/decoy_json/6dca_LH_vs_6dmx_I_decoy04/6dca_lh_vs_6dmx_i_decoy04/6dca_lh_vs_6dmx_i_decoy04_confidences.json,A;B;C,A,B,C,proxy_first_120res,0.65,0.73,0.68,0.02,0.0,0.16,0.15,0.155,14.44,15.04,14.739999999999998,26.016065919374746,25.913891784820684,25.964978852097715,95,321,416,7,13,20,19,88,0.2159090909090909,0.4567307692307693,1.0,,,,0.0,,0.0,0.0,0.488,,0.4567307692307693,1.0,0.33459134615384617,0.333,0.333,0.34860697115384615,0.34860697115384615
6dca_lh_vs_6j9m_d_decoy06,/mnt/ssd1/Projects/DesCARTes_wd/results/OTRtest/af3_outputs_99/decoy_json/6dca_LH_vs_6j9m_D_decoy06/6dca_lh_vs_6j9m_d_decoy06,/mnt/ssd1/Projects/DesCARTes_wd/results/OTRtest/af3_outputs_99/decoy_json/6dca_LH_vs_6j9m_D_decoy06/6dca_lh_vs_6j9m_d_decoy06/6dca_lh_vs_6j9m_d_decoy06_model.cif,/mnt/ssd1/Projects/DesCARTes_wd/results/OTRtest/af3_outputs_99/decoy_json/6dca_LH_vs_6j9m_D_decoy06/6dca_lh_vs_6j9m_d_decoy06/6dca_lh_vs_6j9m_d_decoy06_summary_confidences.json,/mnt/ssd1/Projects/DesCARTes_wd/results/OTRtest/af3_outputs_99/decoy_json/6dca_LH_vs_6j9m_D_decoy06/6dca_lh_vs_6j9m_d_decoy06/6dca_lh_vs_6j9m_d_decoy06_confidences.json,A;B;C,A,B,C,proxy_first_120res,0.59,0.69,0.62,0.03,0.0,0.11,0.1,0.10500000000000001,18.95,19.35,19.15,27.973245248868775,27.956227522935777,27.964736385902278,87,72,159,6,9,15,13,125,0.104,0.9056603773584906,1.0,,,,0.0,,0.0,0.0,0.14533333333333334,,0.9056603773584906,1.0,0.28362421383647796,0.305,0.305,0.31076847484276726,0.31076847484276726
6dca_lh_vs_6nmt_c_decoy01,/mnt/ssd1/Projects/DesCARTes_wd/results/OTRtest/af3_outputs_99/decoy_json/6dca_LH_vs_6nmt_C_decoy01/6dca_lh_vs_6nmt_c_decoy01,/mnt/ssd1/Projects/DesCARTes_wd/results/OTRtest/af3_outputs_99/decoy_json/6dca_LH_vs_6nmt_C_decoy01/6dca_lh_vs_6nmt_c_decoy01/6dca_lh_vs_6nmt_c_decoy01_model.cif,/mnt/ssd1/Projects/DesCARTes_wd/results/OTRtest/af3_outputs_99/decoy_json/6dca_LH_vs_6nmt_C_decoy01/6dca_lh_vs_6nmt_c_decoy01/6dca_lh_vs_6nmt_c_decoy01_summary_confidences.json,/mnt/ssd1/Projects/DesCARTes_wd/results/OTRtest/af3_outputs_99/decoy_json/6dca_LH_vs_6nmt_C_decoy01/6dca_lh_vs_6nmt_c_decoy01/6dca_lh_vs_6nmt_c_decoy01_confidences.json,A;B;C,A,B,C,proxy_first_120res,0.58,0.68,0.62,0.04,0.0,0.09,0.09,0.09,19.71,20.12,19.915,28.674512773007446,28.693933757133568,28.684223265070507,238,101,339,11,8,19,17,127,0.13385826771653545,0.5958702064896755,1.0,,,,0.0,,0.0,0.0,0.38533333333333336,,0.5958702064896755,1.0,0.3199004424778761,0.3,0.3,0.31996515486725663,0.31996515486725663
6dca_lh_vs_6o3b_c_decoy07,/mnt/ssd1/Projects/DesCARTes_wd/results/OTRtest/af3_outputs_99/decoy_json/6dca_LH_vs_6o3b_C_decoy07/6dca_lh_vs_6o3b_c_decoy07,/mnt/ssd1/Projects/DesCARTes_wd/results/OTRtest/af3_outputs_99/decoy_json/6dca_LH_vs_6o3b_C_decoy07/6dca_lh_vs_6o3b_c_decoy07/6dca_lh_vs_6o3b_c_decoy07_model.cif,/mnt/ssd1/Projects/DesCARTes_wd/results/OTRtest/af3_outputs_99/decoy_json/6dca_LH_vs_6o3b_C_decoy07/6dca_lh_vs_6o3b_c_decoy07/6dca_lh_vs_6o3b_c_decoy07_summary_confidences.json,/mnt/ssd1/Projects/DesCARTes_wd/results/OTRtest/af3_outputs_99/decoy_json/6dca_LH_vs_6o3b_C_decoy07/6dca_lh_vs_6o3b_c_decoy07/6dca_lh_vs_6o3b_c_decoy07_confidences.json,A;B;C,A,B,C,proxy_first_120res,0.56,0.66,0.6,0.04,0.0,0.11,0.1,0.10500000000000001,17.87,18.85,18.36,28.124545895281187,28.21652850589777,28.17053720058948,19,126,145,2,12,14,16,140,0.11428571428571428,0.26206896551724135,1.0,,,,0.0,,0.0,0.0,0.12666666666666668,,0.26206896551724135,1.0,0.19734195402298849,0.29000000000000004,0.29000000000000004,0.270069683908046,0.270069683908046
6nmt_lh_vs_1ahw_c_decoy10,/mnt/ssd1/Projects/DesCARTes_wd/results/OTRtest/af3_outputs_99/decoy_json/6nmt_LH_vs_1ahw_C_decoy10/6nmt_lh_vs_1ahw_c_decoy10,/mnt/ssd1/Projects/DesCARTes_wd/results/OTRtest/af3_outputs_99/decoy_json/6nmt_LH_vs_1ahw_C_decoy10/6nmt_lh_vs_1ahw_c_decoy10/6nmt_lh_vs_1ahw_c_decoy10_model.cif,/mnt/ssd1/Projects/DesCARTes_wd/results/OTRtest/af3_outputs_99/decoy_json/6nmt_LH_vs_1ahw_C_decoy10/6nmt_lh_vs_1ahw_c_decoy10/6nmt_lh_vs_1ahw_c_decoy10_summary_confidences.json,/mnt/ssd1/Projects/DesCARTes_wd/results/OTRtest/af3_outputs_99/decoy_json/6nmt_LH_vs_1ahw_C_decoy10/6nmt_lh_vs_1ahw_c_decoy10/6nmt_lh_vs_1ahw_c_decoy10_confidences.json,A;B;C,A,B,C,proxy_first_120res,0.63,0.71,0.66,0.02,0.0,0.37,0.35,0.36,10.36,10.77,10.565,21.41070856364656,21.352330077996985,21.381519320821774,108,164,272,8,15,23,20,219,0.091324200913242,0.7941176470588236,1.0,,,,0.0,,0.0,0.0,0.296,,0.7941176470588236,1.0,0.3167647058823529,0.323,0.323,0.3353676470588235,0.3353676470588235
6nmt_lh_vs_1mlc_e_decoy01,/mnt/ssd1/Projects/DesCARTes_wd/results/OTRtest/af3_outputs_99/decoy_json/6nmt_LH_vs_1mlc_E_decoy01/6nmt_lh_vs_1mlc_e_decoy01,/mnt/ssd1/Projects/DesCARTes_wd/results/OTRtest/af3_outputs_99/decoy_json/6nmt_LH_vs_1mlc_E_decoy01/6nmt_lh_vs_1mlc_e_decoy01/6nmt_lh_vs_1mlc_e_decoy01_model.cif,/mnt/ssd1/Projects/DesCARTes_wd/results/OTRtest/af3_outputs_99/decoy_json/6nmt_LH_vs_1mlc_E_decoy01/6nmt_lh_vs_1mlc_e_decoy01/6nmt_lh_vs_1mlc_e_decoy01_summary_confidences.json,/mnt/ssd1/Projects/DesCARTes_wd/results/OTRtest/af3_outputs_99/decoy_json/6nmt_LH_vs_1mlc_E_decoy01/6nmt_lh_vs_1mlc_e_decoy01/6nmt_lh_vs_1mlc_e_decoy01_confidences.json,A;B;C,A,B,C,proxy_first_120res,0.63,0.73,0.66,0.02,0.0,0.2,0.2,0.2,10.92,11.19,11.055,24.737110703114375,24.344280627573163,24.54069566534377,132,152,284,11,12,23,19,129,0.14728682170542637,0.9295774647887324,1.0,,,,0.0,,0.0,0.0,0.312,,0.9295774647887324,1.0,0.3386971830985916,0.325,0.325,0.344044014084507,0.344044014084507
6nmt_lh_vs_1vfb_c_decoy02,/mnt/ssd1/Projects/DesCARTes_wd/results/OTRtest/af3_outputs_99/decoy_json/6nmt_LH_vs_1vfb_C_decoy02/6nmt_lh_vs_1vfb_c_decoy02,/mnt/ssd1/Projects/DesCARTes_wd/results/OTRtest/af3_outputs_99/decoy_json/6nmt_LH_vs_1vfb_C_decoy02/6nmt_lh_vs_1vfb_c_decoy02/6nmt_lh_vs_1vfb_c_decoy02_model.cif,/mnt/ssd1/Projects/DesCARTes_wd/results/OTRtest/af3_outputs_99/decoy_json/6nmt_LH_vs_1vfb_C_decoy02/6nmt_lh_vs_1vfb_c_decoy02/6nmt_lh_vs_1vfb_c_decoy02_summary_confidences.json,/mnt/ssd1/Projects/DesCARTes_wd/results/OTRtest/af3_outputs_99/decoy_json/6nmt_LH_vs_1vfb_C_decoy02/6nmt_lh_vs_1vfb_c_decoy02/6nmt_lh_vs_1vfb_c_decoy02_confidences.json,A;B;C,A,B,C,proxy_first_120res,0.63,0.73,0.66,0.02,0.0,0.2,0.2,0.2,10.92,11.19,11.055,24.737110703114375,24.344280627573163,24.54069566534377,132,152,284,11,12,23,19,129,0.14728682170542637,0.9295774647887324,1.0,,,,0.0,,0.0,0.0,0.312,,0.9295774647887324,1.0,0.3386971830985916,0.325,0.325,0.344044014084507,0.344044014084507
6nmt_lh_vs_4g6m_a_decoy07,/mnt/ssd1/Projects/DesCARTes_wd/results/OTRtest/af3_outputs_99/decoy_json/6nmt_LH_vs_4g6m_A_decoy07/6nmt_lh_vs_4g6m_a_decoy07,/mnt/ssd1/Projects/DesCARTes_wd/results/OTRtest/af3_outputs_99/decoy_json/6nmt_LH_vs_4g6m_A_decoy07/6nmt_lh_vs_4g6m_a_decoy07/6nmt_lh_vs_4g6m_a_decoy07_model.cif,/mnt/ssd1/Projects/DesCARTes_wd/results/OTRtest/af3_outputs_99/decoy_json/6nmt_LH_vs_4g6m_A_decoy07/6nmt_lh_vs_4g6m_a_decoy07/6nmt_lh_vs_4g6m_a_decoy07_summary_confidences.json,/mnt/ssd1/Projects/DesCARTes_wd/results/OTRtest/af3_outputs_99/decoy_json/6nmt_LH_vs_4g6m_A_decoy07/6nmt_lh_vs_4g6m_a_decoy07/6nmt_lh_vs_4g6m_a_decoy07_confidences.json,A;B;C,A,B,C,proxy_first_120res,0.59,0.69,0.62,0.02,0.0,0.17,0.17,0.17,13.86,13.54,13.7,26.38127339181287,26.34897129186603,26.36512234183945,53,116,169,6,9,15,11,150,0.07333333333333333,0.6272189349112426,1.0,,,,0.0,,0.0,0.0,0.15866666666666668,,0.6272189349112426,1.0,0.25298570019723865,0.305,0.305,0.3000449950690335,0.3000449950690335
6nmt_lh_vs_4hrl_c_decoy09,/mnt/ssd1/Projects/DesCARTes_wd/results/OTRtest/af3_outputs_99/decoy_json/6nmt_LH_vs_4hrl_C_decoy09/6nmt_lh_vs_4hrl_c_decoy09,/mnt/ssd1/Projects/DesCARTes_wd/results/OTRtest/af3_outputs_99/decoy_json/6nmt_LH_vs_4hrl_C_decoy09/6nmt_lh_vs_4hrl_c_decoy09/6nmt_lh_vs_4hrl_c_decoy09_model.cif,/mnt/ssd1/Projects/DesCARTes_wd/results/OTRtest/af3_outputs_99/decoy_json/6nmt_LH_vs_4hrl_C_decoy09/6nmt_lh_vs_4hrl_c_decoy09/6nmt_lh_vs_4hrl_c_decoy09_summary_confidences.json,/mnt/ssd1/Projects/DesCARTes_wd/results/OTRtest/af3_outputs_99/decoy_json/6nmt_LH_vs_4hrl_C_decoy09/6nmt_lh_vs_4hrl_c_decoy09/6nmt_lh_vs_4hrl_c_decoy09_confidences.json,A;B;C,A,B,C,proxy_first_120res,0.66,0.74,0.69,0.02,0.0,0.42,0.39,0.405,8.88,8.81,8.845,19.828515417331207,19.448673336233146,19.638594376782176,142,205,347,9,16,25,24,198,0.12121212121212122,0.8184438040345822,1.0,,,,0.0,,0.0,0.0,0.396,,0.8184438040345822,1.0,0.35105547550432276,0.338,0.338,0.357869416426513,0.357869416426513
6nmt_lh_vs_5gpg_a_decoy05,/mnt/ssd1/Projects/DesCARTes_wd/results/OTRtest/af3_outputs_99/decoy_json/6nmt_LH_vs_5gpg_A_decoy05/6nmt_lh_vs_5gpg_a_decoy05,/mnt/ssd1/Projects/DesCARTes_wd/results/OTRtest/af3_outputs_99/decoy_json/6nmt_LH_vs_5gpg_A_decoy05/6nmt_lh_vs_5gpg_a_decoy05/6nmt_lh_vs_5gpg_a_decoy05_model.cif,/mnt/ssd1/Projects/DesCARTes_wd/results/OTRtest/af3_outputs_99/decoy_json/6nmt_LH_vs_5gpg_A_decoy05/6nmt_lh_vs_5gpg_a_decoy05/6nmt_lh_vs_5gpg_a_decoy05_summary_confidences.json,/mnt/ssd1/Projects/DesCARTes_wd/results/OTRtest/af3_outputs_99/decoy_json/6nmt_LH_vs_5gpg_A_decoy05/6nmt_lh_vs_5gpg_a_decoy05/6nmt_lh_vs_5gpg_a_decoy05_confidences.json,A;B;C,A,B,C,proxy_first_120res,0.71,0.77,0.73,0.02,0.0,0.41,0.4,0.405,9.08,9.1,9.09,19.39211838356575,19.240751646014804,19.31643501479028,83,163,246,6,15,21,19,117,0.1623931623931624,0.6747967479674797,1.0,,,,0.0,,0.0,0.0,0.2613333333333333,,0.6747967479674797,1.0,0.2910162601626016,0.361,0.361,0.35335569105691056,0.35335569105691056
6nmt_lh_vs_5vx2_c_decoy06,/mnt/ssd1/Projects/DesCARTes_wd/results/OTRtest/af3_outputs_99/decoy_json/6nmt_LH_vs_5vx2_C_decoy06/6nmt_lh_vs_5vx2_c_decoy06,/mnt/ssd1/Projects/DesCARTes_wd/results/OTRtest/af3_outputs_99/decoy_json/6nmt_LH_vs_5vx2_C_decoy06/6nmt_lh_vs_5vx2_c_decoy06/6nmt_lh_vs_5vx2_c_decoy06_model.cif,/mnt/ssd1/Projects/DesCARTes_wd/results/OTRtest/af3_outputs_99/decoy_json/6nmt_LH_vs_5vx2_C_decoy06/6nmt_lh_vs_5vx2_c_decoy06/6nmt_lh_vs_5vx2_c_decoy06_summary_confidences.json,/mnt/ssd1/Projects/DesCARTes_wd/results/OTRtest/af3_outputs_99/decoy_json/6nmt_LH_vs_5vx2_C_decoy06/6nmt_lh_vs_5vx2_c_decoy06/6nmt_lh_vs_5vx2_c_decoy06_confidences.json,A;B;C,A,B,C,proxy_first_120res,0.57,0.68,0.61,0.04,0.0,0.13,0.12,0.125,13.65,14.13,13.89,27.925124539744424,27.873335696142714,27.899230117943567,119,294,413,6,15,21,19,162,0.11728395061728394,0.576271186440678,1.0,,,,0.0,,0.0,0.0,0.484,,0.576271186440678,1.0,0.3482838983050847,0.296,0.296,0.32689936440677964,0.32689936440677964
6nmt_lh_vs_6dmx_i_decoy08,/mnt/ssd1/Projects/DesCARTes_wd/results/OTRtest/af3_outputs_99/decoy_json/6nmt_LH_vs_6dmx_I_decoy08/6nmt_lh_vs_6dmx_i_decoy08,/mnt/ssd1/Projects/DesCARTes_wd/results/OTRtest/af3_outputs_99/decoy_json/6nmt_LH_vs_6dmx_I_decoy08/6nmt_lh_vs_6dmx_i_decoy08/6nmt_lh_vs_6dmx_i_decoy08_model.cif,/mnt/ssd1/Projects/DesCARTes_wd/results/OTRtest/af3_outputs_99/decoy_json/6nmt_LH_vs_6dmx_I_decoy08/6nmt_lh_vs_6dmx_i_decoy08/6nmt_lh_vs_6dmx_i_decoy08_summary_confidences.json,/mnt/ssd1/Projects/DesCARTes_wd/results/OTRtest/af3_outputs_99/decoy_json/6nmt_LH_vs_6dmx_I_decoy08/6nmt_lh_vs_6dmx_i_decoy08/6nmt_lh_vs_6dmx_i_decoy08_confidences.json,A;B;C,A,B,C,proxy_first_120res,0.69,0.76,0.72,0.03,0.0,0.2,0.19,0.195,13.31,13.48,13.395,24.76973185805423,24.873512940408876,24.82162239923155,141,252,393,13,16,29,21,88,0.23863636363636365,0.7175572519083969,1.0,,,,0.0,,0.0,0.0,0.4573333333333333,,0.7175572519083969,1.0,0.35761132315521627,0.352,0.352,0.37016396310432564,0.37016396310432564
6nmt_lh_vs_6j9m_d_decoy04,/mnt/ssd1/Projects/DesCARTes_wd/results/OTRtest/af3_outputs_99/decoy_json/6nmt_LH_vs_6j9m_D_decoy04/6nmt_lh_vs_6j9m_d_decoy04,/mnt/ssd1/Projects/DesCARTes_wd/results/OTRtest/af3_outputs_99/decoy_json/6nmt_LH_vs_6j9m_D_decoy04/6nmt_lh_vs_6j9m_d_decoy04/6nmt_lh_vs_6j9m_d_decoy04_model.cif,/mnt/ssd1/Projects/DesCARTes_wd/results/OTRtest/af3_outputs_99/decoy_json/6nmt_LH_vs_6j9m_D_decoy04/6nmt_lh_vs_6j9m_d_decoy04/6nmt_lh_vs_6j9m_d_decoy04_summary_confidences.json,/mnt/ssd1/Projects/DesCARTes_wd/results/OTRtest/af3_outputs_99/decoy_json/6nmt_LH_vs_6j9m_D_decoy04/6nmt_lh_vs_6j9m_d_decoy04/6nmt_lh_vs_6j9m_d_decoy04_confidences.json,A;B;C,A,B,C,proxy_first_120res,0.63,0.72,0.66,0.03,0.0,0.16,0.15,0.155,12.82,12.9,12.86,26.22987543859649,25.86063157894737,26.04525350877193,110,215,325,8,14,22,17,125,0.136,0.676923076923077,1.0,,,,0.0,,0.0,0.0,0.36666666666666664,,0.676923076923077,1.0,0.32419871794871796,0.324,0.324,0.33846955128205125,0.33846955128205125
6nmt_lh_vs_6o3b_c_decoy03,/mnt/ssd1/Projects/DesCARTes_wd/results/OTRtest/af3_outputs_99/decoy_json/6nmt_LH_vs_6o3b_C_decoy03/6nmt_lh_vs_6o3b_c_decoy03,/mnt/ssd1/Projects/DesCARTes_wd/results/OTRtest/af3_outputs_99/decoy_json/6nmt_LH_vs_6o3b_C_decoy03/6nmt_lh_vs_6o3b_c_decoy03/6nmt_lh_vs_6o3b_c_decoy03_model.cif,/mnt/ssd1/Projects/DesCARTes_wd/results/OTRtest/af3_outputs_99/decoy_json/6nmt_LH_vs_6o3b_C_decoy03/6nmt_lh_vs_6o3b_c_decoy03/6nmt_lh_vs_6o3b_c_decoy03_summary_confidences.json,/mnt/ssd1/Projects/DesCARTes_wd/results/OTRtest/af3_outputs_99/decoy_json/6nmt_LH_vs_6o3b_C_decoy03/6nmt_lh_vs_6o3b_c_decoy03/6nmt_lh_vs_6o3b_c_decoy03_confidences.json,A;B;C,A,B,C,proxy_first_120res,0.61,0.71,0.64,0.04,0.0,0.15,0.15,0.15,13.11,13.22,13.165,26.460136278195492,26.23822112098428,26.349178699589885,68,248,316,5,13,18,17,140,0.12142857142857143,0.430379746835443,1.0,,,,0.0,,0.0,0.0,0.3546666666666667,,0.430379746835443,1.0,0.28963080168776373,0.315,0.315,0.3198707805907173,0.3198707805907173
6o3b_lh_vs_1ahw_c_decoy10,/mnt/ssd1/Projects/DesCARTes_wd/results/OTRtest/af3_outputs_99/decoy_json/6o3b_LH_vs_1ahw_C_decoy10/6o3b_lh_vs_1ahw_c_decoy10,/mnt/ssd1/Projects/DesCARTes_wd/results/OTRtest/af3_outputs_99/decoy_json/6o3b_LH_vs_1ahw_C_decoy10/6o3b_lh_vs_1ahw_c_decoy10/6o3b_lh_vs_1ahw_c_decoy10_model.cif,/mnt/ssd1/Projects/DesCARTes_wd/results/OTRtest/af3_outputs_99/decoy_json/6o3b_LH_vs_1ahw_C_decoy10/6o3b_lh_vs_1ahw_c_decoy10/6o3b_lh_vs_1ahw_c_decoy10_summary_confidences.json,/mnt/ssd1/Projects/DesCARTes_wd/results/OTRtest/af3_outputs_99/decoy_json/6o3b_LH_vs_1ahw_C_decoy10/6o3b_lh_vs_1ahw_c_decoy10/6o3b_lh_vs_1ahw_c_decoy10_confidences.json,A;B;C,A,B,C,proxy_first_120res,0.49,0.61,0.52,0.02,0.0,0.11,0.11,0.11,16.11,16.37,16.240000000000002,28.421038657823512,28.57984893099475,28.50044379440913,62,179,241,12,11,23,20,219,0.091324200913242,0.5145228215767634,1.0,,,,0.0,,0.0,0.0,0.25466666666666665,,0.5145228215767634,1.0,0.26889868603042877,0.257,0.257,0.27161454011065006,0.27161454011065006
6o3b_lh_vs_1mlc_e_decoy02,/mnt/ssd1/Projects/DesCARTes_wd/results/OTRtest/af3_outputs_99/decoy_json/6o3b_LH_vs_1mlc_E_decoy02/6o3b_lh_vs_1mlc_e_decoy02,/mnt/ssd1/Projects/DesCARTes_wd/results/OTRtest/af3_outputs_99/decoy_json/6o3b_LH_vs_1mlc_E_decoy02/6o3b_lh_vs_1mlc_e_decoy02/6o3b_lh_vs_1mlc_e_decoy02_model.cif,/mnt/ssd1/Projects/DesCARTes_wd/results/OTRtest/af3_outputs_99/decoy_json/6o3b_LH_vs_1mlc_E_decoy02/6o3b_lh_vs_1mlc_e_decoy02/6o3b_lh_vs_1mlc_e_decoy02_summary_confidences.json,/mnt/ssd1/Projects/DesCARTes_wd/results/OTRtest/af3_outputs_99/decoy_json/6o3b_LH_vs_1mlc_E_decoy02/6o3b_lh_vs_1mlc_e_decoy02/6o3b_lh_vs_1mlc_e_decoy02_confidences.json,A;B;C,A,B,C,proxy_first_120res,0.56,0.66,0.58,0.0,0.0,0.11,0.11,0.11,16.31,16.89,16.6,27.97188431723315,28.08910019560965,28.0304922564214,56,86,142,6,8,14,11,129,0.08527131782945736,0.7887323943661972,1.0,,,,0.0,,0.0,0.0,0.12266666666666666,,0.7887323943661972,1.0,0.261924882629108,0.29000000000000004,0.29000000000000004,0.2926737089201878,0.2926737089201878
6o3b_lh_vs_1vfb_c_decoy03,/mnt/ssd1/Projects/DesCARTes_wd/results/OTRtest/af3_outputs_99/decoy_json/6o3b_LH_vs_1vfb_C_decoy03/6o3b_lh_vs_1vfb_c_decoy03,/mnt/ssd1/Projects/DesCARTes_wd/results/OTRtest/af3_outputs_99/decoy_json/6o3b_LH_vs_1vfb_C_decoy03/6o3b_lh_vs_1vfb_c_decoy03/6o3b_lh_vs_1vfb_c_decoy03_model.cif,/mnt/ssd1/Projects/DesCARTes_wd/results/OTRtest/af3_outputs_99/decoy_json/6o3b_LH_vs_1vfb_C_decoy03/6o3b_lh_vs_1vfb_c_decoy03/6o3b_lh_vs_1vfb_c_decoy03_summary_confidences.json,/mnt/ssd1/Projects/DesCARTes_wd/results/OTRtest/af3_outputs_99/decoy_json/6o3b_LH_vs_1vfb_C_decoy03/6o3b_lh_vs_1vfb_c_decoy03/6o3b_lh_vs_1vfb_c_decoy03_confidences.json,A;B;C,A,B,C,proxy_first_120res,0.56,0.66,0.58,0.0,0.0,0.11,0.11,0.11,16.31,16.89,16.6,27.97188431723315,28.08910019560965,28.0304922564214,56,86,142,6,8,14,11,129,0.08527131782945736,0.7887323943661972,1.0,,,,0.0,,0.0,0.0,0.12266666666666666,,0.7887323943661972,1.0,0.261924882629108,0.29000000000000004,0.29000000000000004,0.2926737089201878,0.2926737089201878
6o3b_lh_vs_4g6m_a_decoy01,/mnt/ssd1/Projects/DesCARTes_wd/results/OTRtest/af3_outputs_99/decoy_json/6o3b_LH_vs_4g6m_A_decoy01/6o3b_lh_vs_4g6m_a_decoy01,/mnt/ssd1/Projects/DesCARTes_wd/results/OTRtest/af3_outputs_99/decoy_json/6o3b_LH_vs_4g6m_A_decoy01/6o3b_lh_vs_4g6m_a_decoy01/6o3b_lh_vs_4g6m_a_decoy01_model.cif,/mnt/ssd1/Projects/DesCARTes_wd/results/OTRtest/af3_outputs_99/decoy_json/6o3b_LH_vs_4g6m_A_decoy01/6o3b_lh_vs_4g6m_a_decoy01/6o3b_lh_vs_4g6m_a_decoy01_summary_confidences.json,/mnt/ssd1/Projects/DesCARTes_wd/results/OTRtest/af3_outputs_99/decoy_json/6o3b_LH_vs_4g6m_A_decoy01/6o3b_lh_vs_4g6m_a_decoy01/6o3b_lh_vs_4g6m_a_decoy01_confidences.json,A;B;C,A,B,C,proxy_first_120res,0.54,0.65,0.56,0.0,0.0,0.12,0.12,0.12,15.14,15.51,15.325,27.68133333333333,27.673392523364488,27.67736292834891,47,233,280,7,11,18,17,150,0.11333333333333333,0.33571428571428574,1.0,,,,0.0,,0.0,0.0,0.30666666666666664,,0.33571428571428574,1.0,0.26279761904761906,0.281,0.281,0.2864791666666667,0.2864791666666667
6o3b_lh_vs_4hrl_c_decoy09,/mnt/ssd1/Projects/DesCARTes_wd/results/OTRtest/af3_outputs_99/decoy_json/6o3b_LH_vs_4hrl_C_decoy09/6o3b_lh_vs_4hrl_c_decoy09,/mnt/ssd1/Projects/DesCARTes_wd/results/OTRtest/af3_outputs_99/decoy_json/6o3b_LH_vs_4hrl_C_decoy09/6o3b_lh_vs_4hrl_c_decoy09/6o3b_lh_vs_4hrl_c_decoy09_model.cif,/mnt/ssd1/Projects/DesCARTes_wd/results/OTRtest/af3_outputs_99/decoy_json/6o3b_LH_vs_4hrl_C_decoy09/6o3b_lh_vs_4hrl_c_decoy09/6o3b_lh_vs_4hrl_c_decoy09_summary_confidences.json,/mnt/ssd1/Projects/DesCARTes_wd/results/OTRtest/af3_outputs_99/decoy_json/6o3b_LH_vs_4hrl_C_decoy09/6o3b_lh_vs_4hrl_c_decoy09/6o3b_lh_vs_4hrl_c_decoy09_confidences.json,A;B;C,A,B,C,proxy_first_120res,0.52,0.62,0.54,0.0,0.0,0.14,0.14,0.14,14.1,14.18,14.14,27.112857077562957,27.11890045312943,27.115878765346196,51,342,393,6,16,22,26,198,0.13131313131313133,0.2595419847328244,1.0,,,,0.0,,0.0,0.0,0.4573333333333333,,0.2595419847328244,1.0,0.3003594147582697,0.27,0.27,0.2921257951653944,0.2921257951653944
6o3b_lh_vs_5gpg_a_decoy06,/mnt/ssd1/Projects/DesCARTes_wd/results/OTRtest/af3_outputs_99/decoy_json/6o3b_LH_vs_5gpg_A_decoy06/6o3b_lh_vs_5gpg_a_decoy06,/mnt/ssd1/Projects/DesCARTes_wd/results/OTRtest/af3_outputs_99/decoy_json/6o3b_LH_vs_5gpg_A_decoy06/6o3b_lh_vs_5gpg_a_decoy06/6o3b_lh_vs_5gpg_a_decoy06_model.cif,/mnt/ssd1/Projects/DesCARTes_wd/results/OTRtest/af3_outputs_99/decoy_json/6o3b_LH_vs_5gpg_A_decoy06/6o3b_lh_vs_5gpg_a_decoy06/6o3b_lh_vs_5gpg_a_decoy06_summary_confidences.json,/mnt/ssd1/Projects/DesCARTes_wd/results/OTRtest/af3_outputs_99/decoy_json/6o3b_LH_vs_5gpg_A_decoy06/6o3b_lh_vs_5gpg_a_decoy06/6o3b_lh_vs_5gpg_a_decoy06_confidences.json,A;B;C,A,B,C,proxy_first_120res,0.57,0.67,0.59,0.0,0.0,0.1,0.1,0.1,16.65,18.26,17.455,28.088888888888885,28.489006709801103,28.288947799344996,0,136,136,0,13,13,11,117,0.09401709401709402,0.0,1.0,,,,0.0,,0.0,0.0,0.11466666666666667,,0.0,1.0,0.16083333333333333,0.295,0.295,0.26079166666666664,0.26079166666666664
6o3b_lh_vs_5vx2_c_decoy05,/mnt/ssd1/Projects/DesCARTes_wd/results/OTRtest/af3_outputs_99/decoy_json/6o3b_LH_vs_5vx2_C_decoy05/6o3b_lh_vs_5vx2_c_decoy05,/mnt/ssd1/Projects/DesCARTes_wd/results/OTRtest/af3_outputs_99/decoy_json/6o3b_LH_vs_5vx2_C_decoy05/6o3b_lh_vs_5vx2_c_decoy05/6o3b_lh_vs_5vx2_c_decoy05_model.cif,/mnt/ssd1/Projects/DesCARTes_wd/results/OTRtest/af3_outputs_99/decoy_json/6o3b_LH_vs_5vx2_C_decoy05/6o3b_lh_vs_5vx2_c_decoy05/6o3b_lh_vs_5vx2_c_decoy05_summary_confidences.json,/mnt/ssd1/Projects/DesCARTes_wd/results/OTRtest/af3_outputs_99/decoy_json/6o3b_LH_vs_5vx2_C_decoy05/6o3b_lh_vs_5vx2_c_decoy05/6o3b_lh_vs_5vx2_c_decoy05_confidences.json,A;B;C,A,B,C,proxy_first_120res,0.54,0.65,0.57,0.02,0.0,0.13,0.12,0.125,16.48,16.71,16.595,27.395539355343278,27.503273912541825,27.44940663394255,61,273,334,5,15,20,24,162,0.14814814814814814,0.3652694610778443,1.0,,,,0.0,,0.0,0.0,0.37866666666666665,,0.3652694610778443,1.0,0.28899201596806384,0.281,0.281,0.29564720558882235,0.29564720558882235
6o3b_lh_vs_6dmx_i_decoy08,/mnt/ssd1/Projects/DesCARTes_wd/results/OTRtest/af3_outputs_99/decoy_json/6o3b_LH_vs_6dmx_I_decoy08/6o3b_lh_vs_6dmx_i_decoy08,/mnt/ssd1/Projects/DesCARTes_wd/results/OTRtest/af3_outputs_99/decoy_json/6o3b_LH_vs_6dmx_I_decoy08/6o3b_lh_vs_6dmx_i_decoy08/6o3b_lh_vs_6dmx_i_decoy08_model.cif,/mnt/ssd1/Projects/DesCARTes_wd/results/OTRtest/af3_outputs_99/decoy_json/6o3b_LH_vs_6dmx_I_decoy08/6o3b_lh_vs_6dmx_i_decoy08/6o3b_lh_vs_6dmx_i_decoy08_summary_confidences.json,/mnt/ssd1/Projects/DesCARTes_wd/results/OTRtest/af3_outputs_99/decoy_json/6o3b_LH_vs_6dmx_I_decoy08/6o3b_lh_vs_6dmx_i_decoy08/6o3b_lh_vs_6dmx_i_decoy08_confidences.json,A;B;C,A,B,C,proxy_first_120res,0.64,0.72,0.66,0.01,0.0,0.19,0.19,0.19,11.15,11.8,11.475000000000001,24.660959995886465,25.02904099405268,24.84500049496957,88,248,336,7,15,22,21,88,0.23863636363636365,0.5238095238095238,1.0,,,,0.0,,0.0,0.0,0.38133333333333336,,0.5238095238095238,1.0,0.3096428571428571,0.328,0.328,0.336375,0.336375
6o3b_lh_vs_6j9m_d_decoy04,/mnt/ssd1/Projects/DesCARTes_wd/results/OTRtest/af3_outputs_99/decoy_json/6o3b_LH_vs_6j9m_D_decoy04/6o3b_lh_vs_6j9m_d_decoy04,/mnt/ssd1/Projects/DesCARTes_wd/results/OTRtest/af3_outputs_99/decoy_json/6o3b_LH_vs_6j9m_D_decoy04/6o3b_lh_vs_6j9m_d_decoy04/6o3b_lh_vs_6j9m_d_decoy04_model.cif,/mnt/ssd1/Projects/DesCARTes_wd/results/OTRtest/af3_outputs_99/decoy_json/6o3b_LH_vs_6j9m_D_decoy04/6o3b_lh_vs_6j9m_d_decoy04/6o3b_lh_vs_6j9m_d_decoy04_summary_confidences.json,/mnt/ssd1/Projects/DesCARTes_wd/results/OTRtest/af3_outputs_99/decoy_json/6o3b_LH_vs_6j9m_D_decoy04/6o3b_lh_vs_6j9m_d_decoy04/6o3b_lh_vs_6j9m_d_decoy04_confidences.json,A;B;C,A,B,C,proxy_first_120res,0.6,0.69,0.63,0.01,0.0,0.17,0.17,0.17,12.81,13.19,13.0,25.26860633484163,25.323904672897193,25.29625550386941,43,271,314,9,17,26,19,125,0.152,0.2738853503184714,1.0,,,,0.0,,0.0,0.0,0.352,,0.2738853503184714,1.0,0.26923566878980887,0.309,0.309,0.3087324840764331,0.3087324840764331
6o3b_lh_vs_6nmt_c_decoy07,/mnt/ssd1/Projects/DesCARTes_wd/results/OTRtest/af3_outputs_99/decoy_json/6o3b_LH_vs_6nmt_C_decoy07/6o3b_lh_vs_6nmt_c_decoy07,/mnt/ssd1/Projects/DesCARTes_wd/results/OTRtest/af3_outputs_99/decoy_json/6o3b_LH_vs_6nmt_C_decoy07/6o3b_lh_vs_6nmt_c_decoy07/6o3b_lh_vs_6nmt_c_decoy07_model.cif,/mnt/ssd1/Projects/DesCARTes_wd/results/OTRtest/af3_outputs_99/decoy_json/6o3b_LH_vs_6nmt_C_decoy07/6o3b_lh_vs_6nmt_c_decoy07/6o3b_lh_vs_6nmt_c_decoy07_summary_confidences.json,/mnt/ssd1/Projects/DesCARTes_wd/results/OTRtest/af3_outputs_99/decoy_json/6o3b_LH_vs_6nmt_C_decoy07/6o3b_lh_vs_6nmt_c_decoy07/6o3b_lh_vs_6nmt_c_decoy07_confidences.json,A;B;C,A,B,C,proxy_first_120res,0.58,0.68,0.61,0.02,0.0,0.14,0.14,0.14,14.1,14.68,14.39,26.845644351017206,26.883072705865036,26.864358528441123,88,459,547,12,17,29,25,127,0.1968503937007874,0.32175502742230344,1.0,,,,0.0,,0.0,0.0,0.6626666666666666,,0.32175502742230344,1.0,0.37230271176112123,0.3,0.3,0.33830594911639245,0.33830594911639245
1ahw_lh_vs_1ahw_c_positive,/mnt/ssd1/Projects/DesCARTes_wd/results/OTRtest/af3_outputs_99/positive_json/1ahw_LH_vs_1ahw_C_positive/1ahw_lh_vs_1ahw_c_positive,/mnt/ssd1/Projects/DesCARTes_wd/results/OTRtest/af3_outputs_99/positive_json/1ahw_LH_vs_1ahw_C_positive/1ahw_lh_vs_1ahw_c_positive/1ahw_lh_vs_1ahw_c_positive_model.cif,/mnt/ssd1/Projects/DesCARTes_wd/results/OTRtest/af3_outputs_99/positive_json/1ahw_LH_vs_1ahw_C_positive/1ahw_lh_vs_1ahw_c_positive/1ahw_lh_vs_1ahw_c_positive_summary_confidences.json,/mnt/ssd1/Projects/DesCARTes_wd/results/OTRtest/af3_outputs_99/positive_json/1ahw_LH_vs_1ahw_C_positive/1ahw_lh_vs_1ahw_c_positive/1ahw_lh_vs_1ahw_c_positive_confidences.json,A;B;C,A,B,C,proxy_first_120res,0.74,0.8,0.77,0.02,0.0,0.59,0.56,0.575,4.54,4.55,4.545,15.180449579652626,15.578596423846712,15.379523001749668,114,220,334,9,15,24,25,219,0.1141552511415525,0.6826347305389222,1.0,,,,0.0,,0.0,0.0,0.37866666666666665,,0.6826347305389222,1.0,0.3286626746506986,0.376,0.376,0.3770319361277445,0.3770319361277445
1mlc_lh_vs_1mlc_e_positive,/mnt/ssd1/Projects/DesCARTes_wd/results/OTRtest/af3_outputs_99/positive_json/1mlc_LH_vs_1mlc_E_positive/1mlc_lh_vs_1mlc_e_positive,/mnt/ssd1/Projects/DesCARTes_wd/results/OTRtest/af3_outputs_99/positive_json/1mlc_LH_vs_1mlc_E_positive/1mlc_lh_vs_1mlc_e_positive/1mlc_lh_vs_1mlc_e_positive_model.cif,/mnt/ssd1/Projects/DesCARTes_wd/results/OTRtest/af3_outputs_99/positive_json/1mlc_LH_vs_1mlc_E_positive/1mlc_lh_vs_1mlc_e_positive/1mlc_lh_vs_1mlc_e_positive_summary_confidences.json,/mnt/ssd1/Projects/DesCARTes_wd/results/OTRtest/af3_outputs_99/positive_json/1mlc_LH_vs_1mlc_E_positive/1mlc_lh_vs_1mlc_e_positive/1mlc_lh_vs_1mlc_e_positive_confidences.json,A;B;C,A,B,C,proxy_first_120res,0.64,0.75,0.66,0.0,0.0,0.17,0.17,0.17,10.6,10.6,10.6,26.322329492923693,26.543655364775773,26.432992428849733,51,166,217,6,14,20,11,129,0.08527131782945736,0.4700460829493087,1.0,,,,0.0,,0.0,0.0,0.22266666666666668,,0.4700460829493087,1.0,0.2533390937019969,0.331,0.331,0.31816868279569893,0.31816868279569893
1vfb_lh_vs_1vfb_c_positive,/mnt/ssd1/Projects/DesCARTes_wd/results/OTRtest/af3_outputs_99/positive_json/1vfb_LH_vs_1vfb_C_positive/1vfb_lh_vs_1vfb_c_positive,/mnt/ssd1/Projects/DesCARTes_wd/results/OTRtest/af3_outputs_99/positive_json/1vfb_LH_vs_1vfb_C_positive/1vfb_lh_vs_1vfb_c_positive/1vfb_lh_vs_1vfb_c_positive_model.cif,/mnt/ssd1/Projects/DesCARTes_wd/results/OTRtest/af3_outputs_99/positive_json/1vfb_LH_vs_1vfb_C_positive/1vfb_lh_vs_1vfb_c_positive/1vfb_lh_vs_1vfb_c_positive_summary_confidences.json,/mnt/ssd1/Projects/DesCARTes_wd/results/OTRtest/af3_outputs_99/positive_json/1vfb_LH_vs_1vfb_C_positive/1vfb_lh_vs_1vfb_c_positive/1vfb_lh_vs_1vfb_c_positive_confidences.json,A;B;C,A,B,C,proxy_first_120res,0.53,0.66,0.56,0.0,0.0,0.14,0.14,0.14,10.81,10.1,10.455,24.664742047580862,24.708921973484024,24.68683201053244,54,81,135,4,11,15,16,129,0.12403100775193798,0.8,1.0,,,,0.0,,0.0,0.0,0.11333333333333333,,0.8,1.0,0.2604166666666667,0.278,0.278,0.2831458333333333,0.2831458333333333
1yy9_lh_vs_1yy9_a_positive,/mnt/ssd1/Projects/DesCARTes_wd/results/OTRtest/af3_outputs_99/positive_json/1yy9_LH_vs_1yy9_A_positive/1yy9_lh_vs_1yy9_a_positive,/mnt/ssd1/Projects/DesCARTes_wd/results/OTRtest/af3_outputs_99/positive_json/1yy9_LH_vs_1yy9_A_positive/1yy9_lh_vs_1yy9_a_positive/1yy9_lh_vs_1yy9_a_positive_model.cif,/mnt/ssd1/Projects/DesCARTes_wd/results/OTRtest/af3_outputs_99/positive_json/1yy9_LH_vs_1yy9_A_positive/1yy9_lh_vs_1yy9_a_positive/1yy9_lh_vs_1yy9_a_positive_summary_confidences.json,/mnt/ssd1/Projects/DesCARTes_wd/results/OTRtest/af3_outputs_99/positive_json/1yy9_LH_vs_1yy9_A_positive/1yy9_lh_vs_1yy9_a_positive/1yy9_lh_vs_1yy9_a_positive_confidences.json,A;B;C,A,B,C,proxy_first_120res,0.86,0.77,0.85,0.01,0.0,0.84,0.83,0.835,1.62,1.49,1.5550000000000002,15.561117153962176,15.810001354279526,15.68555925412085,129,221,350,9,13,22,24,624,0.038461538461538464,0.7371428571428571,1.0,,,,0.0,,0.0,0.0,0.4,,0.7371428571428571,1.0,0.34214285714285714,0.42100000000000004,0.42100000000000004,0.41625,0.41625
2vis_lh_vs_2vis_c_positive,/mnt/ssd1/Projects/DesCARTes_wd/results/OTRtest/af3_outputs_99/positive_json/2vis_LH_vs_2vis_C_positive/2vis_lh_vs_2vis_c_positive,/mnt/ssd1/Projects/DesCARTes_wd/results/OTRtest/af3_outputs_99/positive_json/2vis_LH_vs_2vis_C_positive/2vis_lh_vs_2vis_c_positive/2vis_lh_vs_2vis_c_positive_model.cif,/mnt/ssd1/Projects/DesCARTes_wd/results/OTRtest/af3_outputs_99/positive_json/2vis_LH_vs_2vis_C_positive/2vis_lh_vs_2vis_c_positive/2vis_lh_vs_2vis_c_positive_summary_confidences.json,/mnt/ssd1/Projects/DesCARTes_wd/results/OTRtest/af3_outputs_99/positive_json/2vis_LH_vs_2vis_C_positive/2vis_lh_vs_2vis_c_positive/2vis_lh_vs_2vis_c_positive_confidences.json,A;B;C,A,B,C,proxy_first_120res,0.46,0.58,0.49,0.02,0.0,0.12,0.12,0.12,17.44,18.05,17.745,28.229690157568754,28.348408476865924,28.28904931721734,56,115,171,5,6,11,12,282,0.0425531914893617,0.6549707602339181,1.0,,,,0.0,,0.0,0.0,0.16133333333333333,,0.6549707602339181,1.0,0.2572880116959064,0.24200000000000002,0.24200000000000002,0.2570508040935673,0.2570508040935673
4g6m_lh_vs_4g6m_a_positive,/mnt/ssd1/Projects/DesCARTes_wd/results/OTRtest/af3_outputs_99/positive_json/4g6m_LH_vs_4g6m_A_positive/4g6m_lh_vs_4g6m_a_positive,/mnt/ssd1/Projects/DesCARTes_wd/results/OTRtest/af3_outputs_99/positive_json/4g6m_LH_vs_4g6m_A_positive/4g6m_lh_vs_4g6m_a_positive/4g6m_lh_vs_4g6m_a_positive_model.cif,/mnt/ssd1/Projects/DesCARTes_wd/results/OTRtest/af3_outputs_99/positive_json/4g6m_LH_vs_4g6m_A_positive/4g6m_lh_vs_4g6m_a_positive/4g6m_lh_vs_4g6m_a_positive_summary_confidences.json,/mnt/ssd1/Projects/DesCARTes_wd/results/OTRtest/af3_outputs_99/positive_json/4g6m_LH_vs_4g6m_A_positive/4g6m_lh_vs_4g6m_a_positive/4g6m_lh_vs_4g6m_a_positive_confidences.json,A;B;C,A,B,C,proxy_first_120res,0.62,0.71,0.64,0.0,0.0,0.29,0.27,0.28,12.51,12.5,12.504999999999999,23.10758787878788,23.243688575899842,23.17563822734386,132,158,290,9,9,18,17,150,0.11333333333333333,0.9103448275862069,1.0,,,,0.0,,0.0,0.0,0.32,,0.9103448275862069,1.0,0.33879310344827585,0.319,0.319,0.34007758620689654,0.34007758620689654
6dca_lh_vs_6dca_p_positive,/mnt/ssd1/Projects/DesCARTes_wd/results/OTRtest/af3_outputs_99/positive_json/6dca_LH_vs_6dca_P_positive/6dca_lh_vs_6dca_p_positive,/mnt/ssd1/Projects/DesCARTes_wd/results/OTRtest/af3_outputs_99/positive_json/6dca_LH_vs_6dca_P_positive/6dca_lh_vs_6dca_p_positive/6dca_lh_vs_6dca_p_positive_model.cif,/mnt/ssd1/Projects/DesCARTes_wd/results/OTRtest/af3_outputs_99/positive_json/6dca_LH_vs_6dca_P_positive/6dca_lh_vs_6dca_p_positive/6dca_lh_vs_6dca_p_positive_summary_confidences.json,/mnt/ssd1/Projects/DesCARTes_wd/results/OTRtest/af3_outputs_99/positive_json/6dca_LH_vs_6dca_P_positive/6dca_lh_vs_6dca_p_positive/6dca_lh_vs_6dca_p_positive_confidences.json,A;B;C,A,B,C,proxy_first_120res,0.84,0.84,0.85,0.02,0.0,0.88,0.9,0.89,1.62,1.58,1.6,8.550716440422322,7.57190366972477,8.061310055073546,105,69,174,8,5,13,6,6,1.0,0.7931034482758621,1.0,,,,0.5626699921323506,,0.0,0.5626699921323506,0.16533333333333333,,0.7931034482758621,1.0,0.5219727192590528,0.5606674980330877,0.5606674980330877,0.5892244501671385,0.5892244501671385
6nmt_lh_vs_6nmt_c_positive,/mnt/ssd1/Projects/DesCARTes_wd/results/OTRtest/af3_outputs_99/positive_json/6nmt_LH_vs_6nmt_C_positive/6nmt_lh_vs_6nmt_c_positive,/mnt/ssd1/Projects/DesCARTes_wd/results/OTRtest/af3_outputs_99/positive_json/6nmt_LH_vs_6nmt_C_positive/6nmt_lh_vs_6nmt_c_positive/6nmt_lh_vs_6nmt_c_positive_model.cif,/mnt/ssd1/Projects/DesCARTes_wd/results/OTRtest/af3_outputs_99/positive_json/6nmt_LH_vs_6nmt_C_positive/6nmt_lh_vs_6nmt_c_positive/6nmt_lh_vs_6nmt_c_positive_summary_confidences.json,/mnt/ssd1/Projects/DesCARTes_wd/results/OTRtest/af3_outputs_99/positive_json/6nmt_LH_vs_6nmt_C_positive/6nmt_lh_vs_6nmt_c_positive/6nmt_lh_vs_6nmt_c_positive_confidences.json,A;B;C,A,B,C,proxy_first_120res,0.62,0.71,0.66,0.04,0.0,0.15,0.14,0.14500000000000002,13.03,13.46,13.245000000000001,26.812468918358892,26.859872659458237,26.836170788908564,89,160,249,10,13,23,13,127,0.10236220472440945,0.714859437751004,1.0,,,,0.0,,0.0,0.0,0.2653333333333333,,0.714859437751004,1.0,0.2972740963855422,0.319,0.319,0.3255459337349398,0.3255459337349398
6o3b_lh_vs_6o3b_c_positive,/mnt/ssd1/Projects/DesCARTes_wd/results/OTRtest/af3_outputs_99/positive_json/6o3b_LH_vs_6o3b_C_positive/6o3b_lh_vs_6o3b_c_positive,/mnt/ssd1/Projects/DesCARTes_wd/results/OTRtest/af3_outputs_99/positive_json/6o3b_LH_vs_6o3b_C_positive/6o3b_lh_vs_6o3b_c_positive/6o3b_lh_vs_6o3b_c_positive_model.cif,/mnt/ssd1/Projects/DesCARTes_wd/results/OTRtest/af3_outputs_99/positive_json/6o3b_LH_vs_6o3b_C_positive/6o3b_lh_vs_6o3b_c_positive/6o3b_lh_vs_6o3b_c_positive_summary_confidences.json,/mnt/ssd1/Projects/DesCARTes_wd/results/OTRtest/af3_outputs_99/positive_json/6o3b_LH_vs_6o3b_C_positive/6o3b_lh_vs_6o3b_c_positive/6o3b_lh_vs_6o3b_c_positive_confidences.json,A;B;C,A,B,C,proxy_first_120res,0.56,0.67,0.6,0.04,0.0,0.13,0.12,0.125,14.8,15.26,15.030000000000001,27.503220749838395,27.651004672897194,27.577112711367796,38,442,480,7,18,25,28,140,0.2,0.15833333333333333,1.0,,,,0.0,,0.0,0.0,0.5733333333333334,,0.15833333333333333,1.0,0.3239583333333333,0.29100000000000004,0.29100000000000004,0.31488541666666664,0.31488541666666664
