job_name,job_dir,model_cif,summary_json,confidences_json,chain_order,light_chain,heavy_chain,antigen_chain,paratope_mode,iptm,ptmglobal,ranking_score,fraction_disordered,has_clash,iptm_HA,iptm_LA,iptm_AbAg_mean,pae_min_HA,pae_min_LA,pae_min_AbAg_mean,pae_mean_HA,pae_mean_LA,pae_mean_AbAg_mean,atom_contacts_LA,atom_contacts_HA,atom_contacts_AbAg,residue_contacts_LA,residue_contacts_HA,residue_contacts_AbAg,antigen_residues_contacted,antigen_length,antigen_contact_fraction,contact_balance_HL,paratope_localization,bsa_total,bsa_HA,bsa_LA,phi_PAE,phi_affinity,penalty,phi_AbAg_PAE,phi_contacts,phi_bsa,phi_balance,phi_paratope,phi_engagement,otr_original,otr_original_noaff,otr_fab,otr_fab_noaff,delta_g,label,group_id,iptm_global_term,iptm_AbAg_term,pae_AbAg_used,phi_PAE_AbAg_clean,phi_affinity_clean,P_penalty_clean,OTR_clean,OTR_clean_noaff,rank_OTR_clean,rank_OTR_clean_noaff,positive_OTR_clean,best_decoy_OTR_clean,delta_OTR_clean
1ahw_lh_vs_1mlc_e_decoy10,/mnt/ssd1/Projects/DesCARTes_wd/results/OTRtest/af3_outputs_99/decoy_json/1ahw_LH_vs_1mlc_E_decoy10/1ahw_lh_vs_1mlc_e_decoy10,/mnt/ssd1/Projects/DesCARTes_wd/results/OTRtest/af3_outputs_99/decoy_json/1ahw_LH_vs_1mlc_E_decoy10/1ahw_lh_vs_1mlc_e_decoy10/1ahw_lh_vs_1mlc_e_decoy10_model.cif,/mnt/ssd1/Projects/DesCARTes_wd/results/OTRtest/af3_outputs_99/decoy_json/1ahw_LH_vs_1mlc_E_decoy10/1ahw_lh_vs_1mlc_e_decoy10/1ahw_lh_vs_1mlc_e_decoy10_summary_confidences.json,/mnt/ssd1/Projects/DesCARTes_wd/results/OTRtest/af3_outputs_99/decoy_json/1ahw_LH_vs_1mlc_E_decoy10/1ahw_lh_vs_1mlc_e_decoy10/1ahw_lh_vs_1mlc_e_decoy10_confidences.json,A;B;C,A,B,C,explicit_cdr,0.63,0.74,0.65,0.0,0.0,0.14,0.14,0.14,13.65,13.71,13.68,26.808882127073822,26.70442476273274,26.75665344490328,95,116,211,8,12,20,21,129,0.1627906976744186,0.9004739336492891,0.95,1578.288102002305,824.7545274660879,791.4813709554874,0.0,,0.0,0.0,0.2146666666666666,0.8569600658079388,0.9004739336492891,0.95,0.4101060731931834,0.326,0.326,0.3695371256176142,0.3695371256176142,-11.6,0,1ahw,0.63,0.14,26.75665344490328,0.0,0.9308615796566531,0.0,0.3776292369484979,0.27649999999999997,5,5,0.572749778903888,0.5478275832837872,0.024922195620100784
1ahw_lh_vs_2vis_c_decoy01,/mnt/ssd1/Projects/DesCARTes_wd/results/OTRtest/af3_outputs_99/decoy_json/1ahw_LH_vs_2vis_C_decoy01/1ahw_lh_vs_2vis_c_decoy01,/mnt/ssd1/Projects/DesCARTes_wd/results/OTRtest/af3_outputs_99/decoy_json/1ahw_LH_vs_2vis_C_decoy01/1ahw_lh_vs_2vis_c_decoy01/1ahw_lh_vs_2vis_c_decoy01_model.cif,/mnt/ssd1/Projects/DesCARTes_wd/results/OTRtest/af3_outputs_99/decoy_json/1ahw_LH_vs_2vis_C_decoy01/1ahw_lh_vs_2vis_c_decoy01/1ahw_lh_vs_2vis_c_decoy01_summary_confidences.json,/mnt/ssd1/Projects/DesCARTes_wd/results/OTRtest/af3_outputs_99/decoy_json/1ahw_LH_vs_2vis_C_decoy01/1ahw_lh_vs_2vis_c_decoy01/1ahw_lh_vs_2vis_c_decoy01_confidences.json,A;B;C,A,B,C,explicit_cdr,0.47,0.6,0.5,0.02,0.0,0.11,0.11,0.11,16.8,16.52,16.66,29.1368885464307,29.077581692848145,29.107235119639423,106,85,191,6,8,14,17,282,0.0602836879432624,0.8900523560209423,1.0,1463.1480857512834,776.1764467207431,722.3589039611834,0.0,,0.0,0.0,0.188,0.7826761843556667,0.8900523560209423,1.0,0.3925404724732276,0.248,0.248,0.3083891653656296,0.3083891653656296,-9.4,0,1ahw,0.47,0.11,29.107235119639423,0.0,0.5986876601124521,0.0,0.2693031490168678,0.2085,11,11,0.572749778903888,0.5478275832837872,0.024922195620100784
1ahw_lh_vs_4g6m_a_decoy02,/mnt/ssd1/Projects/DesCARTes_wd/results/OTRtest/af3_outputs_99/decoy_json/1ahw_LH_vs_4g6m_A_decoy02/1ahw_lh_vs_4g6m_a_decoy02,/mnt/ssd1/Projects/DesCARTes_wd/results/OTRtest/af3_outputs_99/decoy_json/1ahw_LH_vs_4g6m_A_decoy02/1ahw_lh_vs_4g6m_a_decoy02/1ahw_lh_vs_4g6m_a_decoy02_model.cif,/mnt/ssd1/Projects/DesCARTes_wd/results/OTRtest/af3_outputs_99/decoy_json/1ahw_LH_vs_4g6m_A_decoy02/1ahw_lh_vs_4g6m_a_decoy02/1ahw_lh_vs_4g6m_a_decoy02_summary_confidences.json,/mnt/ssd1/Projects/DesCARTes_wd/results/OTRtest/af3_outputs_99/decoy_json/1ahw_LH_vs_4g6m_A_decoy02/1ahw_lh_vs_4g6m_a_decoy02/1ahw_lh_vs_4g6m_a_decoy02_confidences.json,A;B;C,A,B,C,explicit_cdr,0.61,0.72,0.64,0.0,0.0,0.18,0.18,0.18,11.46,12.18,11.82,25.499271028037384,25.49940654205607,25.499338785046728,128,212,340,9,16,25,28,150,0.1866666666666666,0.7529411764705882,0.92,2097.462407092964,1325.409115429342,934.7349655031176,0.0,,0.0,0.0,0.3866666666666666,1.0,0.7529411764705882,0.92,0.4639607843137255,0.316,0.316,0.3813862745098039,0.3813862745098039,-14.7,0,1ahw,0.61,0.18,25.499338785046728,0.0,0.9966651926925867,0.0,0.395499778903888,0.2855,4,4,0.572749778903888,0.5478275832837872,0.024922195620100784
1ahw_lh_vs_4hrl_c_decoy07,/mnt/ssd1/Projects/DesCARTes_wd/results/OTRtest/af3_outputs_99/decoy_json/1ahw_LH_vs_4hrl_C_decoy07/1ahw_lh_vs_4hrl_c_decoy07,/mnt/ssd1/Projects/DesCARTes_wd/results/OTRtest/af3_outputs_99/decoy_json/1ahw_LH_vs_4hrl_C_decoy07/1ahw_lh_vs_4hrl_c_decoy07/1ahw_lh_vs_4hrl_c_decoy07_model.cif,/mnt/ssd1/Projects/DesCARTes_wd/results/OTRtest/af3_outputs_99/decoy_json/1ahw_LH_vs_4hrl_C_decoy07/1ahw_lh_vs_4hrl_c_decoy07/1ahw_lh_vs_4hrl_c_decoy07_summary_confidences.json,/mnt/ssd1/Projects/DesCARTes_wd/results/OTRtest/af3_outputs_99/decoy_json/1ahw_LH_vs_4hrl_C_decoy07/1ahw_lh_vs_4hrl_c_decoy07/1ahw_lh_vs_4hrl_c_decoy07_confidences.json,A;B;C,A,B,C,explicit_cdr,0.76,0.81,0.77,0.0,0.0,0.57,0.57,0.57,4.74,4.47,4.605,15.10330170867554,14.849392287359576,14.976346998017558,117,93,210,8,9,17,13,198,0.0656565656565656,0.8857142857142857,1.0,1357.708217771331,672.9895304593811,825.9120662057576,0.0,,0.0,0.0,0.2133333333333333,0.7146504630782781,0.8857142857142857,1.0,0.3848348545204175,0.385,0.385,0.4031921990821461,0.4031921990821461,-10.4,0,1ahw,0.76,0.57,14.976346998017558,0.0,0.8021838885585818,0.0,0.5478275832837872,0.49399999999999994,2,1,0.572749778903888,0.5478275832837872,0.024922195620100784
1ahw_lh_vs_4lyl_c_decoy04,/mnt/ssd1/Projects/DesCARTes_wd/results/OTRtest/af3_outputs_99/decoy_json/1ahw_LH_vs_4lyl_C_decoy04/1ahw_lh_vs_4lyl_c_decoy04,/mnt/ssd1/Projects/DesCARTes_wd/results/OTRtest/af3_outputs_99/decoy_json/1ahw_LH_vs_4lyl_C_decoy04/1ahw_lh_vs_4lyl_c_decoy04/1ahw_lh_vs_4lyl_c_decoy04_model.cif,/mnt/ssd1/Projects/DesCARTes_wd/results/OTRtest/af3_outputs_99/decoy_json/1ahw_LH_vs_4lyl_C_decoy04/1ahw_lh_vs_4lyl_c_decoy04/1ahw_lh_vs_4lyl_c_decoy04_summary_confidences.json,/mnt/ssd1/Projects/DesCARTes_wd/results/OTRtest/af3_outputs_99/decoy_json/1ahw_LH_vs_4lyl_C_decoy04/1ahw_lh_vs_4lyl_c_decoy04/1ahw_lh_vs_4lyl_c_decoy04_confidences.json,A;B;C,A,B,C,explicit_cdr,0.6,0.7,0.62,0.0,0.0,0.26,0.27,0.265,10.01,10.56,10.285,22.745947361803783,22.69289216713466,22.719419764469222,108,122,230,7,11,18,24,223,0.1076233183856502,0.9391304347826088,0.9444444444444444,1752.4245319756992,1030.9754410335408,823.1156396060614,0.0,,0.0,0.0,0.24,0.9693061496617414,0.9391304347826088,0.9444444444444444,0.4422187178550536,0.31,0.31,0.3697765512492688,0.3697765512492688,-10.8,0,1ahw,0.6,0.265,22.719419764469222,0.0,0.8581489350995123,0.0,0.40147234026492684,0.316,3,3,0.572749778903888,0.5478275832837872,0.024922195620100784
1ahw_lh_vs_4x4m_f_decoy08,/mnt/ssd1/Projects/DesCARTes_wd/results/OTRtest/af3_outputs_99/decoy_json/1ahw_LH_vs_4x4m_F_decoy08/1ahw_lh_vs_4x4m_f_decoy08,/mnt/ssd1/Projects/DesCARTes_wd/results/OTRtest/af3_outputs_99/decoy_json/1ahw_LH_vs_4x4m_F_decoy08/1ahw_lh_vs_4x4m_f_decoy08/1ahw_lh_vs_4x4m_f_decoy08_model.cif,/mnt/ssd1/Projects/DesCARTes_wd/results/OTRtest/af3_outputs_99/decoy_json/1ahw_LH_vs_4x4m_F_decoy08/1ahw_lh_vs_4x4m_f_decoy08/1ahw_lh_vs_4x4m_f_decoy08_summary_confidences.json,/mnt/ssd1/Projects/DesCARTes_wd/results/OTRtest/af3_outputs_99/decoy_json/1ahw_LH_vs_4x4m_F_decoy08/1ahw_lh_vs_4x4m_f_decoy08/1ahw_lh_vs_4x4m_f_decoy08_confidences.json,A;B;C,A,B,C,explicit_cdr,0.5,0.62,0.53,0.02,0.0,0.18,0.16,0.1699999999999999,9.9,9.41,9.655,26.248657604078165,26.449056074766357,26.34885683942226,100,136,236,8,11,19,14,275,0.0509090909090909,0.847457627118644,0.9473684210526316,1457.811471206398,841.1283588786719,737.2534932358794,0.0,,0.0,0.0,0.248,0.7792332072299342,0.847457627118644,0.9473684210526316,0.3973292462631144,0.262,0.262,0.32006523619209,0.32006523619209,-11.8,0,1ahw,0.5,0.1699999999999999,26.34885683942226,0.0,0.9426758241011313,0.0,0.35090137361516965,0.24299999999999994,7,9,0.572749778903888,0.5478275832837872,0.024922195620100784
1ahw_lh_vs_5nx1_a_decoy05,/mnt/ssd1/Projects/DesCARTes_wd/results/OTRtest/af3_outputs_99/decoy_json/1ahw_LH_vs_5nx1_A_decoy05/1ahw_lh_vs_5nx1_a_decoy05,/mnt/ssd1/Projects/DesCARTes_wd/results/OTRtest/af3_outputs_99/decoy_json/1ahw_LH_vs_5nx1_A_decoy05/1ahw_lh_vs_5nx1_a_decoy05/1ahw_lh_vs_5nx1_a_decoy05_model.cif,/mnt/ssd1/Projects/DesCARTes_wd/results/OTRtest/af3_outputs_99/decoy_json/1ahw_LH_vs_5nx1_A_decoy05/1ahw_lh_vs_5nx1_a_decoy05/1ahw_lh_vs_5nx1_a_decoy05_summary_confidences.json,/mnt/ssd1/Projects/DesCARTes_wd/results/OTRtest/af3_outputs_99/decoy_json/1ahw_LH_vs_5nx1_A_decoy05/1ahw_lh_vs_5nx1_a_decoy05/1ahw_lh_vs_5nx1_a_decoy05_confidences.json,A;B;C,A,B,C,explicit_cdr,0.53,0.66,0.56,0.0,0.0,0.16,0.15,0.155,13.91,14.47,14.19,26.89684317505553,27.007606554628893,26.95222486484221,155,138,293,11,10,21,21,223,0.0941704035874439,0.9419795221843004,0.9523809523809524,2027.0899576193588,1031.997473723357,1097.2655821728258,0.0,,0.0,0.0,0.324,1.0,0.9419795221843004,0.9523809523809524,0.4704360474565253,0.278,0.278,0.3566526166097838,0.3566526166097838,-12.1,0,1ahw,0.53,0.155,26.95222486484221,0.0,0.9568927450589139,0.0,0.35678391175883706,0.2475,6,7,0.572749778903888,0.5478275832837872,0.024922195620100784
1ahw_lh_vs_5vx2_c_decoy09,/mnt/ssd1/Projects/DesCARTes_wd/results/OTRtest/af3_outputs_99/decoy_json/1ahw_LH_vs_5vx2_C_decoy09/1ahw_lh_vs_5vx2_c_decoy09,/mnt/ssd1/Projects/DesCARTes_wd/results/OTRtest/af3_outputs_99/decoy_json/1ahw_LH_vs_5vx2_C_decoy09/1ahw_lh_vs_5vx2_c_decoy09/1ahw_lh_vs_5vx2_c_decoy09_model.cif,/mnt/ssd1/Projects/DesCARTes_wd/results/OTRtest/af3_outputs_99/decoy_json/1ahw_LH_vs_5vx2_C_decoy09/1ahw_lh_vs_5vx2_c_decoy09/1ahw_lh_vs_5vx2_c_decoy09_summary_confidences.json,/mnt/ssd1/Projects/DesCARTes_wd/results/OTRtest/af3_outputs_99/decoy_json/1ahw_LH_vs_5vx2_C_decoy09/1ahw_lh_vs_5vx2_c_decoy09/1ahw_lh_vs_5vx2_c_decoy09_confidences.json,A;B;C,A,B,C,explicit_cdr,0.57,0.7,0.6,0.0,0.0,0.12,0.12,0.12,15.67,15.82,15.745,28.396420329987308,28.37649561555325,28.38645797277028,103,145,248,8,10,18,15,162,0.0925925925925925,0.8306451612903226,0.9444444444444444,1435.6810025899103,884.9078645338232,657.4367922139099,0.0,,0.0,0.0,0.264,0.7649554855418776,0.8306451612903226,0.9444444444444444,0.3965000576818522,0.298,0.298,0.3447750201886482,0.3447750201886482,-9.8,0,1ahw,0.57,0.12,28.38645797277028,0.0,0.6899744811276126,0.0,0.31649617216914183,0.2475,9,7,0.572749778903888,0.5478275832837872,0.024922195620100784
1ahw_lh_vs_6har_a_decoy06,/mnt/ssd1/Projects/DesCARTes_wd/results/OTRtest/af3_outputs_99/decoy_json/1ahw_LH_vs_6har_A_decoy06/1ahw_lh_vs_6har_a_decoy06,/mnt/ssd1/Projects/DesCARTes_wd/results/OTRtest/af3_outputs_99/decoy_json/1ahw_LH_vs_6har_A_decoy06/1ahw_lh_vs_6har_a_decoy06/1ahw_lh_vs_6har_a_decoy06_model.cif,/mnt/ssd1/Projects/DesCARTes_wd/results/OTRtest/af3_outputs_99/decoy_json/1ahw_LH_vs_6har_A_decoy06/1ahw_lh_vs_6har_a_decoy06/1ahw_lh_vs_6har_a_decoy06_summary_confidences.json,/mnt/ssd1/Projects/DesCARTes_wd/results/OTRtest/af3_outputs_99/decoy_json/1ahw_LH_vs_6har_A_decoy06/1ahw_lh_vs_6har_a_decoy06/1ahw_lh_vs_6har_a_decoy06_confidences.json,A;B;C,A,B,C,explicit_cdr,0.52,0.65,0.54,0.0,0.0,0.12,0.12,0.12,15.61,15.85,15.73,27.99683223464619,28.087876543724967,28.04235438918558,23,64,87,4,7,11,10,224,0.0446428571428571,0.5287356321839081,0.9090909090909092,860.4757720260059,675.5087464966491,240.071037954418,0.0,,0.0,0.0,0.0493333333333333,0.3938553367909715,0.5287356321839081,0.9090909090909092,0.2348870548190093,0.273,0.273,0.2707104691866532,0.2707104691866532,-9.0,0,1ahw,0.52,0.12,28.04235438918558,0.0,0.5,0.0,0.273,0.22999999999999998,10,10,0.572749778903888,0.5478275832837872,0.024922195620100784
1ahw_lh_vs_6o3b_c_decoy03,/mnt/ssd1/Projects/DesCARTes_wd/results/OTRtest/af3_outputs_99/decoy_json/1ahw_LH_vs_6o3b_C_decoy03/1ahw_lh_vs_6o3b_c_decoy03,/mnt/ssd1/Projects/DesCARTes_wd/results/OTRtest/af3_outputs_99/decoy_json/1ahw_LH_vs_6o3b_C_decoy03/1ahw_lh_vs_6o3b_c_decoy03/1ahw_lh_vs_6o3b_c_decoy03_model.cif,/mnt/ssd1/Projects/DesCARTes_wd/results/OTRtest/af3_outputs_99/decoy_json/1ahw_LH_vs_6o3b_C_decoy03/1ahw_lh_vs_6o3b_c_decoy03/1ahw_lh_vs_6o3b_c_decoy03_summary_confidences.json,/mnt/ssd1/Projects/DesCARTes_wd/results/OTRtest/af3_outputs_99/decoy_json/1ahw_LH_vs_6o3b_C_decoy03/1ahw_lh_vs_6o3b_c_decoy03/1ahw_lh_vs_6o3b_c_decoy03_confidences.json,A;B;C,A,B,C,explicit_cdr,0.61,0.72,0.65,0.03,0.0,0.14,0.14,0.14,14.18,14.29,14.235,26.910235313751667,26.885470627503334,26.897852970627504,100,113,213,7,7,14,15,140,0.1071428571428571,0.9389671361502347,1.0,1327.9438528768296,708.1878714047598,667.0757742536734,0.0,,0.0,0.0,0.2173333333333333,0.6954476470173094,0.9389671361502347,1.0,0.3873195763518187,0.316,0.316,0.3545618517231365,0.3545618517231365,-9.7,0,1ahw,0.61,0.14,26.897852970627504,0.0,0.6681877721681659,0.0,0.33222816582522485,0.2695,8,6,0.572749778903888,0.5478275832837872,0.024922195620100784
1mlc_lh_vs_1ahw_c_decoy09,/mnt/ssd1/Projects/DesCARTes_wd/results/OTRtest/af3_outputs_99/decoy_json/1mlc_LH_vs_1ahw_C_decoy09/1mlc_lh_vs_1ahw_c_decoy09,/mnt/ssd1/Projects/DesCARTes_wd/results/OTRtest/af3_outputs_99/decoy_json/1mlc_LH_vs_1ahw_C_decoy09/1mlc_lh_vs_1ahw_c_decoy09/1mlc_lh_vs_1ahw_c_decoy09_model.cif,/mnt/ssd1/Projects/DesCARTes_wd/results/OTRtest/af3_outputs_99/decoy_json/1mlc_LH_vs_1ahw_C_decoy09/1mlc_lh_vs_1ahw_c_decoy09/1mlc_lh_vs_1ahw_c_decoy09_summary_confidences.json,/mnt/ssd1/Projects/DesCARTes_wd/results/OTRtest/af3_outputs_99/decoy_json/1mlc_LH_vs_1ahw_C_decoy09/1mlc_lh_vs_1ahw_c_decoy09/1mlc_lh_vs_1ahw_c_decoy09_confidences.json,A;B;C,A,B,C,explicit_cdr,0.54,0.67,0.57,0.02,0.0,0.14,0.14,0.14,14.64,14.59,14.615,27.398376691382847,27.27974757820168,27.339062134792265,117,244,361,7,15,22,18,219,0.0821917808219178,0.6481994459833795,0.9545454545454546,1482.4936362682238,1124.113221216332,500.3985236266017,0.0,,0.0,0.0,0.4146666666666667,0.7951571846891766,0.6481994459833795,0.9545454545454546,0.4229725936573854,0.283,0.283,0.3435404077800849,0.3435404077800849,-13.3,0,1mlc,0.54,0.14,27.339062134792265,0.0,0.9866130821723351,0.0,0.3589919623258503,0.245,8,10,0.3851354768206581,0.4214837288455503,-0.036348252024892225
1mlc_lh_vs_4g6m_a_decoy03,/mnt/ssd1/Projects/DesCARTes_wd/results/OTRtest/af3_outputs_99/decoy_json/1mlc_LH_vs_4g6m_A_decoy03/1mlc_lh_vs_4g6m_a_decoy03,/mnt/ssd1/Projects/DesCARTes_wd/results/OTRtest/af3_outputs_99/decoy_json/1mlc_LH_vs_4g6m_A_decoy03/1mlc_lh_vs_4g6m_a_decoy03/1mlc_lh_vs_4g6m_a_decoy03_model.cif,/mnt/ssd1/Projects/DesCARTes_wd/results/OTRtest/af3_outputs_99/decoy_json/1mlc_LH_vs_4g6m_A_decoy03/1mlc_lh_vs_4g6m_a_decoy03/1mlc_lh_vs_4g6m_a_decoy03_summary_confidences.json,/mnt/ssd1/Projects/DesCARTes_wd/results/OTRtest/af3_outputs_99/decoy_json/1mlc_LH_vs_4g6m_A_decoy03/1mlc_lh_vs_4g6m_a_decoy03/1mlc_lh_vs_4g6m_a_decoy03_confidences.json,A;B;C,A,B,C,explicit_cdr,0.62,0.73,0.64,0.0,0.0,0.17,0.17,0.17,11.71,12.01,11.86,25.796396024464837,25.801482866043617,25.798939445254227,75,166,241,6,15,21,20,150,0.1333333333333333,0.6224066390041494,1.0,1572.637469119487,1164.556898611765,586.519382718634,0.0,,0.0,0.0,0.2546666666666666,0.8533144962061205,0.6224066390041494,1.0,0.3965702298083057,0.321,0.321,0.361299580432907,0.361299580432907,-13.2,0,1mlc,0.62,0.17,25.798939445254227,0.0,0.9852259683067269,0.0,0.39328389524600904,0.28500000000000003,5,7,0.3851354768206581,0.4214837288455503,-0.036348252024892225
1mlc_lh_vs_4hrl_c_decoy08,/mnt/ssd1/Projects/DesCARTes_wd/results/OTRtest/af3_outputs_99/decoy_json/1mlc_LH_vs_4hrl_C_decoy08/1mlc_lh_vs_4hrl_c_decoy08,/mnt/ssd1/Projects/DesCARTes_wd/results/OTRtest/af3_outputs_99/decoy_json/1mlc_LH_vs_4hrl_C_decoy08/1mlc_lh_vs_4hrl_c_decoy08/1mlc_lh_vs_4hrl_c_decoy08_model.cif,/mnt/ssd1/Projects/DesCARTes_wd/results/OTRtest/af3_outputs_99/decoy_json/1mlc_LH_vs_4hrl_C_decoy08/1mlc_lh_vs_4hrl_c_decoy08/1mlc_lh_vs_4hrl_c_decoy08_summary_confidences.json,/mnt/ssd1/Projects/DesCARTes_wd/results/OTRtest/af3_outputs_99/decoy_json/1mlc_LH_vs_4hrl_C_decoy08/1mlc_lh_vs_4hrl_c_decoy08/1mlc_lh_vs_4hrl_c_decoy08_confidences.json,A;B;C,A,B,C,explicit_cdr,0.57,0.69,0.6,0.0,0.0,0.18,0.18,0.18,11.38,11.52,11.45,25.64188444073765,25.488212734824884,25.56504858778127,85,166,251,7,12,19,17,198,0.0858585858585858,0.6772908366533865,0.9473684210526316,1568.1855416723592,900.5579996040105,740.6897692010098,0.0,,0.0,0.0,0.268,0.8504422849499091,0.6772908366533865,0.9473684210526316,0.3995543827605836,0.297,0.297,0.3453440339662043,0.3453440339662043,-13.3,0,1mlc,0.57,0.18,25.56504858778127,0.0,0.9866130821723351,0.0,0.38199196232585025,0.27149999999999996,7,8,0.3851354768206581,0.4214837288455503,-0.036348252024892225
1mlc_lh_vs_4lyl_c_decoy10,/mnt/ssd1/Projects/DesCARTes_wd/results/OTRtest/af3_outputs_99/decoy_json/1mlc_LH_vs_4lyl_C_decoy10/1mlc_lh_vs_4lyl_c_decoy10,/mnt/ssd1/Projects/DesCARTes_wd/results/OTRtest/af3_outputs_99/decoy_json/1mlc_LH_vs_4lyl_C_decoy10/1mlc_lh_vs_4lyl_c_decoy10/1mlc_lh_vs_4lyl_c_decoy10_model.cif,/mnt/ssd1/Projects/DesCARTes_wd/results/OTRtest/af3_outputs_99/decoy_json/1mlc_LH_vs_4lyl_C_decoy10/1mlc_lh_vs_4lyl_c_decoy10/1mlc_lh_vs_4lyl_c_decoy10_summary_confidences.json,/mnt/ssd1/Projects/DesCARTes_wd/results/OTRtest/af3_outputs_99/decoy_json/1mlc_LH_vs_4lyl_C_decoy10/1mlc_lh_vs_4lyl_c_decoy10/1mlc_lh_vs_4lyl_c_decoy10_confidences.json,A;B;C,A,B,C,explicit_cdr,0.52,0.65,0.55,0.0,0.0,0.13,0.13,0.13,14.85,15.15,15.0,27.966926194100463,27.856186873978466,27.911556534039462,95,103,198,8,13,21,11,223,0.0493273542600896,0.9595959595959596,1.0,1409.7769518215828,732.845299192857,742.8035644842748,0.0,,0.0,0.0,0.1973333333333333,0.7482431947236018,0.9595959595959596,1.0,0.3949415682376496,0.273,0.273,0.3267295488831774,0.3267295488831774,-11.2,0,1mlc,0.52,0.13,27.911556534039462,0.0,0.9002495108803148,0.0,0.3365374266320472,0.23399999999999999,11,11,0.3851354768206581,0.4214837288455503,-0.036348252024892225
1mlc_lh_vs_5gpg_a_decoy05,/mnt/ssd1/Projects/DesCARTes_wd/results/OTRtest/af3_outputs_99/decoy_json/1mlc_LH_vs_5gpg_A_decoy05/1mlc_lh_vs_5gpg_a_decoy05,/mnt/ssd1/Projects/DesCARTes_wd/results/OTRtest/af3_outputs_99/decoy_json/1mlc_LH_vs_5gpg_A_decoy05/1mlc_lh_vs_5gpg_a_decoy05/1mlc_lh_vs_5gpg_a_decoy05_model.cif,/mnt/ssd1/Projects/DesCARTes_wd/results/OTRtest/af3_outputs_99/decoy_json/1mlc_LH_vs_5gpg_A_decoy05/1mlc_lh_vs_5gpg_a_decoy05/1mlc_lh_vs_5gpg_a_decoy05_summary_confidences.json,/mnt/ssd1/Projects/DesCARTes_wd/results/OTRtest/af3_outputs_99/decoy_json/1mlc_LH_vs_5gpg_A_decoy05/1mlc_lh_vs_5gpg_a_decoy05/1mlc_lh_vs_5gpg_a_decoy05_confidences.json,A;B;C,A,B,C,explicit_cdr,0.69,0.78,0.7,0.0,0.0,0.24,0.24,0.24,9.62,9.87,9.745,23.104632243393716,22.93909657320872,23.02186440830122,144,237,381,8,15,23,20,117,0.1709401709401709,0.7559055118110236,1.0,1678.0876699824655,1207.0187026201493,700.5910094926512,0.0,,0.0,0.0,0.4413333333333333,0.9213468838596554,0.7559055118110236,1.0,0.4701932612863668,0.354,0.354,0.4105676414502284,0.4105676414502284,-10.9,0,1mlc,0.69,0.24,23.02186440830122,0.0,0.8698915256370021,0.0,0.4214837288455503,0.33749999999999997,1,1,0.3851354768206581,0.4214837288455503,-0.036348252024892225
1mlc_lh_vs_5vx2_c_decoy06,/mnt/ssd1/Projects/DesCARTes_wd/results/OTRtest/af3_outputs_99/decoy_json/1mlc_LH_vs_5vx2_C_decoy06/1mlc_lh_vs_5vx2_c_decoy06,/mnt/ssd1/Projects/DesCARTes_wd/results/OTRtest/af3_outputs_99/decoy_json/1mlc_LH_vs_5vx2_C_decoy06/1mlc_lh_vs_5vx2_c_decoy06/1mlc_lh_vs_5vx2_c_decoy06_model.cif,/mnt/ssd1/Projects/DesCARTes_wd/results/OTRtest/af3_outputs_99/decoy_json/1mlc_LH_vs_5vx2_C_decoy06/1mlc_lh_vs_5vx2_c_decoy06/1mlc_lh_vs_5vx2_c_decoy06_summary_confidences.json,/mnt/ssd1/Projects/DesCARTes_wd/results/OTRtest/af3_outputs_99/decoy_json/1mlc_LH_vs_5vx2_C_decoy06/1mlc_lh_vs_5vx2_c_decoy06/1mlc_lh_vs_5vx2_c_decoy06_confidences.json,A;B;C,A,B,C,explicit_cdr,0.59,0.71,0.62,0.0,0.0,0.14,0.14,0.14,13.07,13.52,13.295,27.33397326990599,27.05168599284643,27.19282963137621,171,202,373,12,14,26,17,162,0.1049382716049382,0.9168900804289544,0.8846153846153846,1723.5653996854817,930.1723091196328,994.6769447981278,0.0,,0.0,0.0,0.4306666666666666,0.9506873546357948,0.9168900804289544,0.8846153846153846,0.4779546840982595,0.307,0.307,0.3797841394343908,0.3797841394343908,-10.2,0,1mlc,0.59,0.14,27.19282963137621,0.0,0.7685247834990175,0.0,0.3412787175248526,0.2625,10,9,0.3851354768206581,0.4214837288455503,-0.036348252024892225
1mlc_lh_vs_6dmx_i_decoy07,/mnt/ssd1/Projects/DesCARTes_wd/results/OTRtest/af3_outputs_99/decoy_json/1mlc_LH_vs_6dmx_I_decoy07/1mlc_lh_vs_6dmx_i_decoy07,/mnt/ssd1/Projects/DesCARTes_wd/results/OTRtest/af3_outputs_99/decoy_json/1mlc_LH_vs_6dmx_I_decoy07/1mlc_lh_vs_6dmx_i_decoy07/1mlc_lh_vs_6dmx_i_decoy07_model.cif,/mnt/ssd1/Projects/DesCARTes_wd/results/OTRtest/af3_outputs_99/decoy_json/1mlc_LH_vs_6dmx_I_decoy07/1mlc_lh_vs_6dmx_i_decoy07/1mlc_lh_vs_6dmx_i_decoy07_summary_confidences.json,/mnt/ssd1/Projects/DesCARTes_wd/results/OTRtest/af3_outputs_99/decoy_json/1mlc_LH_vs_6dmx_I_decoy07/1mlc_lh_vs_6dmx_i_decoy07/1mlc_lh_vs_6dmx_i_decoy07_confidences.json,A;B;C,A,B,C,explicit_cdr,0.7,0.79,0.72,0.0,0.0,0.18,0.17,0.175,11.19,10.95,11.07,24.785920558799,24.67369902293968,24.72980979086934,91,130,221,8,16,24,19,88,0.2159090909090909,0.8235294117647058,0.9583333333333334,1920.514711369411,1257.6046713564865,773.1137664807793,0.0,,0.0,0.0,0.228,1.0,0.8235294117647058,0.9583333333333334,0.4351862745098039,0.359,0.359,0.4018151960784314,0.4018151960784314,-13.7,0,1mlc,0.7,0.175,24.72980979086934,0.0,0.990986701347152,0.0,0.41989800520207277,0.31499999999999995,2,3,0.3851354768206581,0.4214837288455503,-0.036348252024892225
1mlc_lh_vs_6j9m_d_decoy04,/mnt/ssd1/Projects/DesCARTes_wd/results/OTRtest/af3_outputs_99/decoy_json/1mlc_LH_vs_6j9m_D_decoy04/1mlc_lh_vs_6j9m_d_decoy04,/mnt/ssd1/Projects/DesCARTes_wd/results/OTRtest/af3_outputs_99/decoy_json/1mlc_LH_vs_6j9m_D_decoy04/1mlc_lh_vs_6j9m_d_decoy04/1mlc_lh_vs_6j9m_d_decoy04_model.cif,/mnt/ssd1/Projects/DesCARTes_wd/results/OTRtest/af3_outputs_99/decoy_json/1mlc_LH_vs_6j9m_D_decoy04/1mlc_lh_vs_6j9m_d_decoy04/1mlc_lh_vs_6j9m_d_decoy04_summary_confidences.json,/mnt/ssd1/Projects/DesCARTes_wd/results/OTRtest/af3_outputs_99/decoy_json/1mlc_LH_vs_6j9m_D_decoy04/1mlc_lh_vs_6j9m_d_decoy04/1mlc_lh_vs_6j9m_d_decoy04_confidences.json,A;B;C,A,B,C,explicit_cdr,0.67,0.76,0.7,0.01,0.0,0.23,0.22,0.225,9.94,10.22,10.08,23.382447706422017,23.50711214953271,23.444779927977365,96,155,251,10,14,24,14,125,0.112,0.7649402390438247,0.875,1816.3737364418407,1029.0013584967455,1004.7475105132762,0.0,,0.0,0.0,0.268,1.0,0.7649402390438247,0.875,0.4309940239043825,0.344,0.344,0.3898479083665339,0.3898479083665339,-10.2,0,1mlc,0.67,0.225,23.444779927977365,0.0,0.7685247834990175,0.0,0.39502871752485264,0.3245,4,2,0.3851354768206581,0.4214837288455503,-0.036348252024892225
1mlc_lh_vs_6nmt_c_decoy01,/mnt/ssd1/Projects/DesCARTes_wd/results/OTRtest/af3_outputs_99/decoy_json/1mlc_LH_vs_6nmt_C_decoy01/1mlc_lh_vs_6nmt_c_decoy01,/mnt/ssd1/Projects/DesCARTes_wd/results/OTRtest/af3_outputs_99/decoy_json/1mlc_LH_vs_6nmt_C_decoy01/1mlc_lh_vs_6nmt_c_decoy01/1mlc_lh_vs_6nmt_c_decoy01_model.cif,/mnt/ssd1/Projects/DesCARTes_wd/results/OTRtest/af3_outputs_99/decoy_json/1mlc_LH_vs_6nmt_C_decoy01/1mlc_lh_vs_6nmt_c_decoy01/1mlc_lh_vs_6nmt_c_decoy01_summary_confidences.json,/mnt/ssd1/Projects/DesCARTes_wd/results/OTRtest/af3_outputs_99/decoy_json/1mlc_LH_vs_6nmt_C_decoy01/1mlc_lh_vs_6nmt_c_decoy01/1mlc_lh_vs_6nmt_c_decoy01_confidences.json,A;B;C,A,B,C,explicit_cdr,0.64,0.75,0.67,0.02,0.0,0.16,0.15,0.155,11.13,11.45,11.29,26.053164054034525,26.2797501655751,26.16645710980481,104,175,279,8,13,21,11,127,0.0866141732283464,0.7455197132616487,1.0,1478.7906509000604,1007.14917821786,635.2110852950318,0.0,,0.0,0.0,0.3053333333333333,0.7927681618710067,0.7455197132616487,1.0,0.4094389370336996,0.331,0.331,0.3728036279617949,0.3728036279617949,-10.0,0,1mlc,0.64,0.155,26.16645710980481,0.0,0.7310585786300049,0.0,0.3559087867945007,0.286,9,6,0.3851354768206581,0.4214837288455503,-0.036348252024892225
1mlc_lh_vs_6o3b_c_decoy02,/mnt/ssd1/Projects/DesCARTes_wd/results/OTRtest/af3_outputs_99/decoy_json/1mlc_LH_vs_6o3b_C_decoy02/1mlc_lh_vs_6o3b_c_decoy02,/mnt/ssd1/Projects/DesCARTes_wd/results/OTRtest/af3_outputs_99/decoy_json/1mlc_LH_vs_6o3b_C_decoy02/1mlc_lh_vs_6o3b_c_decoy02/1mlc_lh_vs_6o3b_c_decoy02_model.cif,/mnt/ssd1/Projects/DesCARTes_wd/results/OTRtest/af3_outputs_99/decoy_json/1mlc_LH_vs_6o3b_C_decoy02/1mlc_lh_vs_6o3b_c_decoy02/1mlc_lh_vs_6o3b_c_decoy02_summary_confidences.json,/mnt/ssd1/Projects/DesCARTes_wd/results/OTRtest/af3_outputs_99/decoy_json/1mlc_LH_vs_6o3b_C_decoy02/1mlc_lh_vs_6o3b_c_decoy02/1mlc_lh_vs_6o3b_c_decoy02_confidences.json,A;B;C,A,B,C,explicit_cdr,0.65,0.75,0.69,0.03,0.0,0.21,0.21,0.21,9.08,8.86,8.969999999999999,24.31514416775885,23.914846461949267,24.114995314854056,152,166,318,13,11,24,22,140,0.1571428571428571,0.9559748427672956,0.9583333333333334,1834.401523447468,1019.5750338006984,987.0022533389674,0.0,,0.0,0.0,0.3573333333333333,1.0,0.9559748427672956,0.9583333333333334,0.4807641509433962,0.335,0.335,0.4007674528301886,0.4007674528301886,-11.5,0,1mlc,0.65,0.21,24.114995314854056,0.0,0.9241418199787566,0.0,0.4071212729968135,0.3115,3,4,0.3851354768206581,0.4214837288455503,-0.036348252024892225
1vfb_lh_vs_1ahw_c_decoy09,/mnt/ssd1/Projects/DesCARTes_wd/results/OTRtest/af3_outputs_99/decoy_json/1vfb_LH_vs_1ahw_C_decoy09/1vfb_lh_vs_1ahw_c_decoy09,/mnt/ssd1/Projects/DesCARTes_wd/results/OTRtest/af3_outputs_99/decoy_json/1vfb_LH_vs_1ahw_C_decoy09/1vfb_lh_vs_1ahw_c_decoy09/1vfb_lh_vs_1ahw_c_decoy09_model.cif,/mnt/ssd1/Projects/DesCARTes_wd/results/OTRtest/af3_outputs_99/decoy_json/1vfb_LH_vs_1ahw_C_decoy09/1vfb_lh_vs_1ahw_c_decoy09/1vfb_lh_vs_1ahw_c_decoy09_summary_confidences.json,/mnt/ssd1/Projects/DesCARTes_wd/results/OTRtest/af3_outputs_99/decoy_json/1vfb_LH_vs_1ahw_C_decoy09/1vfb_lh_vs_1ahw_c_decoy09/1vfb_lh_vs_1ahw_c_decoy09_confidences.json,A;B;C,A,B,C,explicit_cdr,0.41,0.54,0.44,0.02,0.0,0.1,0.1,0.1,14.63,14.5,14.565,27.89283774208786,27.476637647761702,27.684737694924785,69,108,177,6,6,12,13,219,0.0593607305936073,0.7796610169491526,1.0,1168.7813964551278,618.9813385542038,687.2667916457685,0.0,,0.0,0.0,0.1693333333333333,0.5927621912613728,0.7796610169491526,1.0,0.3388518732805231,0.218,0.218,0.268598155648183,0.268598155648183,-10.6,0,1vfb,0.41,0.1,27.684737694924785,0.0,0.8320183851339245,0.0,0.2828027577700886,0.1835,10,11,0.31464242539375065,0.41932758328378716,-0.10468515789003652
1vfb_lh_vs_4g6m_a_decoy03,/mnt/ssd1/Projects/DesCARTes_wd/results/OTRtest/af3_outputs_99/decoy_json/1vfb_LH_vs_4g6m_A_decoy03/1vfb_lh_vs_4g6m_a_decoy03,/mnt/ssd1/Projects/DesCARTes_wd/results/OTRtest/af3_outputs_99/decoy_json/1vfb_LH_vs_4g6m_A_decoy03/1vfb_lh_vs_4g6m_a_decoy03/1vfb_lh_vs_4g6m_a_decoy03_model.cif,/mnt/ssd1/Projects/DesCARTes_wd/results/OTRtest/af3_outputs_99/decoy_json/1vfb_LH_vs_4g6m_A_decoy03/1vfb_lh_vs_4g6m_a_decoy03/1vfb_lh_vs_4g6m_a_decoy03_summary_confidences.json,/mnt/ssd1/Projects/DesCARTes_wd/results/OTRtest/af3_outputs_99/decoy_json/1vfb_LH_vs_4g6m_A_decoy03/1vfb_lh_vs_4g6m_a_decoy03/1vfb_lh_vs_4g6m_a_decoy03_confidences.json,A;B;C,A,B,C,explicit_cdr,0.6,0.71,0.62,0.0,0.0,0.36,0.32,0.3399999999999999,9.8,9.73,9.765,18.93216954022989,19.34696261682243,19.13956607852616,50,154,204,8,10,18,15,150,0.1,0.4901960784313726,1.0,1215.7562036676209,911.345830489563,442.70955546083496,0.0,,0.0,0.0,0.2053333333333333,0.6230685184952393,0.4901960784313726,1.0,0.3249666448755184,0.311,0.311,0.3292383257064314,0.3292383257064314,-10.4,0,1vfb,0.6,0.3399999999999999,19.13956607852616,0.0,0.8021838885585818,0.0,0.41932758328378716,0.346,1,1,0.31464242539375065,0.41932758328378716,-0.10468515789003652
1vfb_lh_vs_4hrl_c_decoy08,/mnt/ssd1/Projects/DesCARTes_wd/results/OTRtest/af3_outputs_99/decoy_json/1vfb_LH_vs_4hrl_C_decoy08/1vfb_lh_vs_4hrl_c_decoy08,/mnt/ssd1/Projects/DesCARTes_wd/results/OTRtest/af3_outputs_99/decoy_json/1vfb_LH_vs_4hrl_C_decoy08/1vfb_lh_vs_4hrl_c_decoy08/1vfb_lh_vs_4hrl_c_decoy08_model.cif,/mnt/ssd1/Projects/DesCARTes_wd/results/OTRtest/af3_outputs_99/decoy_json/1vfb_LH_vs_4hrl_C_decoy08/1vfb_lh_vs_4hrl_c_decoy08/1vfb_lh_vs_4hrl_c_decoy08_summary_confidences.json,/mnt/ssd1/Projects/DesCARTes_wd/results/OTRtest/af3_outputs_99/decoy_json/1vfb_LH_vs_4hrl_C_decoy08/1vfb_lh_vs_4hrl_c_decoy08/1vfb_lh_vs_4hrl_c_decoy08_confidences.json,A;B;C,A,B,C,explicit_cdr,0.44,0.58,0.47,0.0,0.0,0.13,0.13,0.13,12.82,12.69,12.755,26.38125,25.77124044180119,26.0762452209006,56,117,173,5,9,14,13,198,0.0656565656565656,0.6473988439306358,1.0,1255.3741755668852,786.3539692838967,602.0958988394777,0.0,,0.0,0.0,0.164,0.6486285003657324,0.6473988439306358,1.0,0.3354655844662101,0.234,0.234,0.2784129545631735,0.2784129545631735,-10.3,0,1vfb,0.44,0.13,26.0762452209006,0.0,0.7858349830425586,0.0,0.29537524745638377,0.20600000000000002,8,9,0.31464242539375065,0.41932758328378716,-0.10468515789003652
1vfb_lh_vs_4lyl_c_decoy10,/mnt/ssd1/Projects/DesCARTes_wd/results/OTRtest/af3_outputs_99/decoy_json/1vfb_LH_vs_4lyl_C_decoy10/1vfb_lh_vs_4lyl_c_decoy10,/mnt/ssd1/Projects/DesCARTes_wd/results/OTRtest/af3_outputs_99/decoy_json/1vfb_LH_vs_4lyl_C_decoy10/1vfb_lh_vs_4lyl_c_decoy10/1vfb_lh_vs_4lyl_c_decoy10_model.cif,/mnt/ssd1/Projects/DesCARTes_wd/results/OTRtest/af3_outputs_99/decoy_json/1vfb_LH_vs_4lyl_C_decoy10/1vfb_lh_vs_4lyl_c_decoy10/1vfb_lh_vs_4lyl_c_decoy10_summary_confidences.json,/mnt/ssd1/Projects/DesCARTes_wd/results/OTRtest/af3_outputs_99/decoy_json/1vfb_LH_vs_4lyl_C_decoy10/1vfb_lh_vs_4lyl_c_decoy10/1vfb_lh_vs_4lyl_c_decoy10_confidences.json,A;B;C,A,B,C,explicit_cdr,0.4,0.54,0.43,0.0,0.0,0.12,0.11,0.1149999999999999,14.56,14.53,14.545,27.964523735889905,28.22661875026193,28.09557124307592,26,166,192,4,12,16,11,223,0.0493273542600896,0.2708333333333333,1.0,1111.838839512122,910.4658364675616,359.53227232026256,0.0,,0.0,0.0,0.1893333333333333,0.5560250577497561,0.2708333333333333,1.0,0.2856216782166179,0.214,0.214,0.2469675873758162,0.2469675873758162,-10.0,0,1vfb,0.4,0.1149999999999999,28.09557124307592,0.0,0.7310585786300049,0.0,0.2699087867945007,0.18599999999999994,11,10,0.31464242539375065,0.41932758328378716,-0.10468515789003652
1vfb_lh_vs_5gpg_a_decoy05,/mnt/ssd1/Projects/DesCARTes_wd/results/OTRtest/af3_outputs_99/decoy_json/1vfb_LH_vs_5gpg_A_decoy05/1vfb_lh_vs_5gpg_a_decoy05,/mnt/ssd1/Projects/DesCARTes_wd/results/OTRtest/af3_outputs_99/decoy_json/1vfb_LH_vs_5gpg_A_decoy05/1vfb_lh_vs_5gpg_a_decoy05/1vfb_lh_vs_5gpg_a_decoy05_model.cif,/mnt/ssd1/Projects/DesCARTes_wd/results/OTRtest/af3_outputs_99/decoy_json/1vfb_LH_vs_5gpg_A_decoy05/1vfb_lh_vs_5gpg_a_decoy05/1vfb_lh_vs_5gpg_a_decoy05_summary_confidences.json,/mnt/ssd1/Projects/DesCARTes_wd/results/OTRtest/af3_outputs_99/decoy_json/1vfb_LH_vs_5gpg_A_decoy05/1vfb_lh_vs_5gpg_a_decoy05/1vfb_lh_vs_5gpg_a_decoy05_confidences.json,A;B;C,A,B,C,explicit_cdr,0.53,0.67,0.56,0.0,0.0,0.11,0.11,0.11,12.34,12.94,12.64,26.45726495726496,25.922605639428067,26.189935298346512,88,105,193,9,8,17,15,117,0.1282051282051282,0.911917098445596,0.8823529411764706,1345.5878536955895,626.7945885578829,765.5027721730294,0.0,,0.0,0.0,0.1906666666666666,0.7068308733519933,0.911917098445596,0.8823529411764706,0.368459845299272,0.279,0.279,0.3214609458547451,0.3214609458547451,-9.3,0,1vfb,0.53,0.11,26.189935298346512,0.0,0.5744425168116591,0.0,0.2836663775217489,0.2295,9,8,0.31464242539375065,0.41932758328378716,-0.10468515789003652
1vfb_lh_vs_5vx2_c_decoy06,/mnt/ssd1/Projects/DesCARTes_wd/results/OTRtest/af3_outputs_99/decoy_json/1vfb_LH_vs_5vx2_C_decoy06/1vfb_lh_vs_5vx2_c_decoy06,/mnt/ssd1/Projects/DesCARTes_wd/results/OTRtest/af3_outputs_99/decoy_json/1vfb_LH_vs_5vx2_C_decoy06/1vfb_lh_vs_5vx2_c_decoy06/1vfb_lh_vs_5vx2_c_decoy06_model.cif,/mnt/ssd1/Projects/DesCARTes_wd/results/OTRtest/af3_outputs_99/decoy_json/1vfb_LH_vs_5vx2_C_decoy06/1vfb_lh_vs_5vx2_c_decoy06/1vfb_lh_vs_5vx2_c_decoy06_summary_confidences.json,/mnt/ssd1/Projects/DesCARTes_wd/results/OTRtest/af3_outputs_99/decoy_json/1vfb_LH_vs_5vx2_C_decoy06/1vfb_lh_vs_5vx2_c_decoy06/1vfb_lh_vs_5vx2_c_decoy06_confidences.json,A;B;C,A,B,C,explicit_cdr,0.5,0.63,0.54,0.02,0.0,0.17,0.16,0.165,13.63,13.54,13.585,25.186797573435506,25.08861486096689,25.1377062172012,70,132,202,7,12,19,14,162,0.0864197530864197,0.693069306930693,0.9473684210526316,1421.278850015733,955.8742372194338,610.9477732348823,0.0,,0.0,0.0,0.2026666666666666,0.7556637742036988,0.693069306930693,0.9473684210526316,0.3658431943057388,0.263,0.263,0.3095451180070085,0.3095451180070085,-10.5,0,1vfb,0.5,0.165,25.1377062172012,0.0,0.8175744761936437,0.0,0.3303861714290465,0.241,5,6,0.31464242539375065,0.41932758328378716,-0.10468515789003652
1vfb_lh_vs_6dmx_i_decoy07,/mnt/ssd1/Projects/DesCARTes_wd/results/OTRtest/af3_outputs_99/decoy_json/1vfb_LH_vs_6dmx_I_decoy07/1vfb_lh_vs_6dmx_i_decoy07,/mnt/ssd1/Projects/DesCARTes_wd/results/OTRtest/af3_outputs_99/decoy_json/1vfb_LH_vs_6dmx_I_decoy07/1vfb_lh_vs_6dmx_i_decoy07/1vfb_lh_vs_6dmx_i_decoy07_model.cif,/mnt/ssd1/Projects/DesCARTes_wd/results/OTRtest/af3_outputs_99/decoy_json/1vfb_LH_vs_6dmx_I_decoy07/1vfb_lh_vs_6dmx_i_decoy07/1vfb_lh_vs_6dmx_i_decoy07_summary_confidences.json,/mnt/ssd1/Projects/DesCARTes_wd/results/OTRtest/af3_outputs_99/decoy_json/1vfb_LH_vs_6dmx_I_decoy07/1vfb_lh_vs_6dmx_i_decoy07/1vfb_lh_vs_6dmx_i_decoy07_confidences.json,A;B;C,A,B,C,explicit_cdr,0.6,0.72,0.63,0.01,0.0,0.13,0.13,0.13,11.0,11.0,11.0,24.079501371473352,24.13904524214104,24.1092733068072,94,111,205,9,8,17,18,88,0.2045454545454545,0.9170731707317074,0.9411764705882352,1590.7156022345862,786.4879207047579,923.3906285000704,0.0,,0.0,0.0,0.2066666666666666,0.8649778078932814,0.9170731707317074,0.9411764705882352,0.4104871923773172,0.312,0.312,0.359670517332061,0.359670517332061,-10.5,0,1vfb,0.6,0.13,24.1092733068072,0.0,0.8175744761936437,0.0,0.3481361714290465,0.262,3,3,0.31464242539375065,0.41932758328378716,-0.10468515789003652
1vfb_lh_vs_6j9m_d_decoy04,/mnt/ssd1/Projects/DesCARTes_wd/results/OTRtest/af3_outputs_99/decoy_json/1vfb_LH_vs_6j9m_D_decoy04/1vfb_lh_vs_6j9m_d_decoy04,/mnt/ssd1/Projects/DesCARTes_wd/results/OTRtest/af3_outputs_99/decoy_json/1vfb_LH_vs_6j9m_D_decoy04/1vfb_lh_vs_6j9m_d_decoy04/1vfb_lh_vs_6j9m_d_decoy04_model.cif,/mnt/ssd1/Projects/DesCARTes_wd/results/OTRtest/af3_outputs_99/decoy_json/1vfb_LH_vs_6j9m_D_decoy04/1vfb_lh_vs_6j9m_d_decoy04/1vfb_lh_vs_6j9m_d_decoy04_summary_confidences.json,/mnt/ssd1/Projects/DesCARTes_wd/results/OTRtest/af3_outputs_99/decoy_json/1vfb_LH_vs_6j9m_D_decoy04/1vfb_lh_vs_6j9m_d_decoy04/1vfb_lh_vs_6j9m_d_decoy04_confidences.json,A;B;C,A,B,C,explicit_cdr,0.53,0.67,0.57,0.02,0.0,0.14,0.14,0.14,10.75,10.49,10.62,24.04055862068966,24.394097196261686,24.217327908475674,38,155,193,4,13,17,13,125,0.104,0.3937823834196891,0.8823529411764706,1376.6631964861626,1041.049120980466,420.2411457628969,0.0,,0.0,0.0,0.1906666666666666,0.7268794816039759,0.3937823834196891,0.8823529411764706,0.3206560954470778,0.279,0.279,0.3047296334064772,0.3047296334064772,-9.9,0,1vfb,0.53,0.14,24.217327908475674,0.0,0.710949502625004,0.0,0.31464242539375065,0.2415,6,4,0.31464242539375065,0.41932758328378716,-0.10468515789003652
1vfb_lh_vs_6nmt_c_decoy01,/mnt/ssd1/Projects/DesCARTes_wd/results/OTRtest/af3_outputs_99/decoy_json/1vfb_LH_vs_6nmt_C_decoy01/1vfb_lh_vs_6nmt_c_decoy01,/mnt/ssd1/Projects/DesCARTes_wd/results/OTRtest/af3_outputs_99/decoy_json/1vfb_LH_vs_6nmt_C_decoy01/1vfb_lh_vs_6nmt_c_decoy01/1vfb_lh_vs_6nmt_c_decoy01_model.cif,/mnt/ssd1/Projects/DesCARTes_wd/results/OTRtest/af3_outputs_99/decoy_json/1vfb_LH_vs_6nmt_C_decoy01/1vfb_lh_vs_6nmt_c_decoy01/1vfb_lh_vs_6nmt_c_decoy01_summary_confidences.json,/mnt/ssd1/Projects/DesCARTes_wd/results/OTRtest/af3_outputs_99/decoy_json/1vfb_LH_vs_6nmt_C_decoy01/1vfb_lh_vs_6nmt_c_decoy01/1vfb_lh_vs_6nmt_c_decoy01_confidences.json,A;B;C,A,B,C,explicit_cdr,0.56,0.68,0.6,0.03,0.0,0.19,0.18,0.185,9.47,9.37,9.42,23.001106434971486,22.923452792699976,22.962279613835733,64,152,216,4,10,14,11,127,0.0866141732283464,0.5925925925925926,1.0,1286.5473201204004,766.7255025474169,613.1592386937591,0.0,,0.0,0.0,0.2213333333333333,0.6687402065292906,0.5925925925925926,1.0,0.3483406338984507,0.292,0.292,0.3239192218644577,0.3239192218644577,-10.9,0,1vfb,0.56,0.185,22.962279613835733,0.0,0.8698915256370021,0.0,0.36323372884555033,0.27,2,2,0.31464242539375065,0.41932758328378716,-0.10468515789003652
1vfb_lh_vs_6o3b_c_decoy02,/mnt/ssd1/Projects/DesCARTes_wd/results/OTRtest/af3_outputs_99/decoy_json/1vfb_LH_vs_6o3b_C_decoy02/1vfb_lh_vs_6o3b_c_decoy02,/mnt/ssd1/Projects/DesCARTes_wd/results/OTRtest/af3_outputs_99/decoy_json/1vfb_LH_vs_6o3b_C_decoy02/1vfb_lh_vs_6o3b_c_decoy02/1vfb_lh_vs_6o3b_c_decoy02_model.cif,/mnt/ssd1/Projects/DesCARTes_wd/results/OTRtest/af3_outputs_99/decoy_json/1vfb_LH_vs_6o3b_C_decoy02/1vfb_lh_vs_6o3b_c_decoy02/1vfb_lh_vs_6o3b_c_decoy02_summary_confidences.json,/mnt/ssd1/Projects/DesCARTes_wd/results/OTRtest/af3_outputs_99/decoy_json/1vfb_LH_vs_6o3b_C_decoy02/1vfb_lh_vs_6o3b_c_decoy02/1vfb_lh_vs_6o3b_c_decoy02_confidences.json,A;B;C,A,B,C,explicit_cdr,0.51,0.64,0.55,0.02,0.0,0.14,0.13,0.135,12.84,12.53,12.685,24.89188115763547,25.32370493991989,25.10779304877768,80,179,259,5,14,19,17,140,0.1214285714285714,0.6177606177606177,1.0,1517.544647779574,1103.3242147673243,484.0947461558644,0.0,,0.0,0.0,0.2786666666666667,0.817770740502951,0.6177606177606177,1.0,0.3949968765433186,0.268,0.268,0.3232489067901615,0.3232489067901615,-11.3,0,1vfb,0.51,0.135,25.10779304877768,0.0,0.9088770389851439,0.0,0.3365815558477716,0.23249999999999998,4,7,0.31464242539375065,0.41932758328378716,-0.10468515789003652
1yy9_lh_vs_1ahw_c_decoy02,/mnt/ssd1/Projects/DesCARTes_wd/results/OTRtest/af3_outputs_99/decoy_json/1yy9_LH_vs_1ahw_C_decoy02/1yy9_lh_vs_1ahw_c_decoy02,/mnt/ssd1/Projects/DesCARTes_wd/results/OTRtest/af3_outputs_99/decoy_json/1yy9_LH_vs_1ahw_C_decoy02/1yy9_lh_vs_1ahw_c_decoy02/1yy9_lh_vs_1ahw_c_decoy02_model.cif,/mnt/ssd1/Projects/DesCARTes_wd/results/OTRtest/af3_outputs_99/decoy_json/1yy9_LH_vs_1ahw_C_decoy02/1yy9_lh_vs_1ahw_c_decoy02/1yy9_lh_vs_1ahw_c_decoy02_summary_confidences.json,/mnt/ssd1/Projects/DesCARTes_wd/results/OTRtest/af3_outputs_99/decoy_json/1yy9_LH_vs_1ahw_C_decoy02/1yy9_lh_vs_1ahw_c_decoy02/1yy9_lh_vs_1ahw_c_decoy02_confidences.json,A;B;C,A,B,C,explicit_cdr,0.55,0.67,0.58,0.02,0.0,0.13,0.14,0.135,14.95,14.85,14.9,27.559626231946943,27.502142688704524,27.530884460325733,112,103,215,11,10,21,18,219,0.0821917808219178,0.958139534883721,0.8571428571428571,1683.7047684988574,961.4349571961612,850.7554540916935,0.0,,0.0,0.0,0.22,0.9249708183863596,0.958139534883721,0.8571428571428571,0.4215224028799297,0.287,0.287,0.3460328410079754,0.3460328410079754,-9.7,0,1yy9,0.55,0.135,27.530884460325733,0.0,0.6681877721681659,0.0,0.31247816582522486,0.2465,9,6,0.6931361190233649,0.4492740955259116,0.24386202349745334
1yy9_lh_vs_2vis_c_decoy01,/mnt/ssd1/Projects/DesCARTes_wd/results/OTRtest/af3_outputs_99/decoy_json/1yy9_LH_vs_2vis_C_decoy01/1yy9_lh_vs_2vis_c_decoy01,/mnt/ssd1/Projects/DesCARTes_wd/results/OTRtest/af3_outputs_99/decoy_json/1yy9_LH_vs_2vis_C_decoy01/1yy9_lh_vs_2vis_c_decoy01/1yy9_lh_vs_2vis_c_decoy01_model.cif,/mnt/ssd1/Projects/DesCARTes_wd/results/OTRtest/af3_outputs_99/decoy_json/1yy9_LH_vs_2vis_C_decoy01/1yy9_lh_vs_2vis_c_decoy01/1yy9_lh_vs_2vis_c_decoy01_summary_confidences.json,/mnt/ssd1/Projects/DesCARTes_wd/results/OTRtest/af3_outputs_99/decoy_json/1yy9_LH_vs_2vis_C_decoy01/1yy9_lh_vs_2vis_c_decoy01/1yy9_lh_vs_2vis_c_decoy01_confidences.json,A;B;C,A,B,C,explicit_cdr,0.5,0.63,0.54,0.02,0.0,0.15,0.15,0.15,12.88,13.68,13.28,26.6619965662206,27.29758099423967,26.97978878023013,70,118,188,8,12,20,17,282,0.0602836879432624,0.7446808510638299,0.9,1761.0703877908709,1134.908672631631,708.0614427839864,0.0,,0.0,0.0,0.184,0.9748841211554006,0.7446808510638299,0.9,0.4054449093374631,0.263,0.263,0.323405718268112,0.323405718268112,-11.4,0,1yy9,0.5,0.15,26.97978878023013,0.0,0.9168273035060777,0.0,0.3400240955259116,0.235,4,9,0.6931361190233649,0.4492740955259116,0.24386202349745334
1yy9_lh_vs_4g6m_a_decoy03,/mnt/ssd1/Projects/DesCARTes_wd/results/OTRtest/af3_outputs_99/decoy_json/1yy9_LH_vs_4g6m_A_decoy03/1yy9_lh_vs_4g6m_a_decoy03,/mnt/ssd1/Projects/DesCARTes_wd/results/OTRtest/af3_outputs_99/decoy_json/1yy9_LH_vs_4g6m_A_decoy03/1yy9_lh_vs_4g6m_a_decoy03/1yy9_lh_vs_4g6m_a_decoy03_model.cif,/mnt/ssd1/Projects/DesCARTes_wd/results/OTRtest/af3_outputs_99/decoy_json/1yy9_LH_vs_4g6m_A_decoy03/1yy9_lh_vs_4g6m_a_decoy03/1yy9_lh_vs_4g6m_a_decoy03_summary_confidences.json,/mnt/ssd1/Projects/DesCARTes_wd/results/OTRtest/af3_outputs_99/decoy_json/1yy9_LH_vs_4g6m_A_decoy03/1yy9_lh_vs_4g6m_a_decoy03/1yy9_lh_vs_4g6m_a_decoy03_confidences.json,A;B;C,A,B,C,explicit_cdr,0.62,0.74,0.65,0.0,0.0,0.15,0.15,0.15,12.34,12.77,12.555,26.47312368024133,26.499862284820036,26.48649298253068,19,128,147,8,8,16,18,150,0.12,0.2585034013605441,0.875,1424.61691765895,933.3920047313186,571.7827312541413,0.0,,0.0,0.0,0.1293333333333333,0.7578173662315807,0.2585034013605441,0.875,0.2972471467157039,0.322,0.322,0.3270365013504963,0.3270365013504963,-9.5,0,1yy9,0.62,0.15,26.48649298253068,0.0,0.6224593312018546,0.0,0.33186889968027816,0.277,6,3,0.6931361190233649,0.4492740955259116,0.24386202349745334
1yy9_lh_vs_4lyl_c_decoy10,/mnt/ssd1/Projects/DesCARTes_wd/results/OTRtest/af3_outputs_99/decoy_json/1yy9_LH_vs_4lyl_C_decoy10/1yy9_lh_vs_4lyl_c_decoy10,/mnt/ssd1/Projects/DesCARTes_wd/results/OTRtest/af3_outputs_99/decoy_json/1yy9_LH_vs_4lyl_C_decoy10/1yy9_lh_vs_4lyl_c_decoy10/1yy9_lh_vs_4lyl_c_decoy10_model.cif,/mnt/ssd1/Projects/DesCARTes_wd/results/OTRtest/af3_outputs_99/decoy_json/1yy9_LH_vs_4lyl_C_decoy10/1yy9_lh_vs_4lyl_c_decoy10/1yy9_lh_vs_4lyl_c_decoy10_summary_confidences.json,/mnt/ssd1/Projects/DesCARTes_wd/results/OTRtest/af3_outputs_99/decoy_json/1yy9_LH_vs_4lyl_C_decoy10/1yy9_lh_vs_4lyl_c_decoy10/1yy9_lh_vs_4lyl_c_decoy10_confidences.json,A;B;C,A,B,C,explicit_cdr,0.56,0.68,0.58,0.0,0.0,0.15,0.16,0.155,13.4,13.35,13.375,26.914384270438084,26.799668414071878,26.85702634225498,36,150,186,6,12,18,17,223,0.0762331838565022,0.3870967741935484,0.8888888888888888,1416.2019069068774,1001.7890695526768,515.0891137020735,0.0,,0.0,0.0,0.1813333333333333,0.7523883270366951,0.3870967741935484,0.8888888888888888,0.3234095650489161,0.292,0.292,0.3151933477671206,0.3151933477671206,-9.7,0,1yy9,0.56,0.155,26.85702634225498,0.0,0.6681877721681659,0.0,0.32247816582522487,0.258,8,5,0.6931361190233649,0.4492740955259116,0.24386202349745334
1yy9_lh_vs_4o27_a_decoy07,/mnt/ssd1/Projects/DesCARTes_wd/results/OTRtest/af3_outputs_99/decoy_json/1yy9_LH_vs_4o27_A_decoy07/1yy9_lh_vs_4o27_a_decoy07,/mnt/ssd1/Projects/DesCARTes_wd/results/OTRtest/af3_outputs_99/decoy_json/1yy9_LH_vs_4o27_A_decoy07/1yy9_lh_vs_4o27_a_decoy07/1yy9_lh_vs_4o27_a_decoy07_model.cif,/mnt/ssd1/Projects/DesCARTes_wd/results/OTRtest/af3_outputs_99/decoy_json/1yy9_LH_vs_4o27_A_decoy07/1yy9_lh_vs_4o27_a_decoy07/1yy9_lh_vs_4o27_a_decoy07_summary_confidences.json,/mnt/ssd1/Projects/DesCARTes_wd/results/OTRtest/af3_outputs_99/decoy_json/1yy9_LH_vs_4o27_A_decoy07/1yy9_lh_vs_4o27_a_decoy07/1yy9_lh_vs_4o27_a_decoy07_confidences.json,A;B;C,A,B,C,explicit_cdr,0.49,0.62,0.52,0.0,0.0,0.17,0.17,0.17,14.36,14.41,14.385,27.08768813087365,27.00452148790177,27.04610480938771,113,205,318,12,18,30,28,325,0.0861538461538461,0.7106918238993711,0.8666666666666667,2272.578630886433,1488.1313467780635,952.7068571904892,0.0,,0.0,0.0,0.3573333333333333,1.0,0.7106918238993711,0.8666666666666667,0.4470691823899371,0.258,0.258,0.334474213836478,0.334474213836478,-10.9,0,1yy9,0.49,0.17,27.04610480938771,0.0,0.8698915256370021,0.0,0.3369837288455503,0.2395,5,8,0.6931361190233649,0.4492740955259116,0.24386202349745334
1yy9_lh_vs_4x4m_f_decoy08,/mnt/ssd1/Projects/DesCARTes_wd/results/OTRtest/af3_outputs_99/decoy_json/1yy9_LH_vs_4x4m_F_decoy08/1yy9_lh_vs_4x4m_f_decoy08,/mnt/ssd1/Projects/DesCARTes_wd/results/OTRtest/af3_outputs_99/decoy_json/1yy9_LH_vs_4x4m_F_decoy08/1yy9_lh_vs_4x4m_f_decoy08/1yy9_lh_vs_4x4m_f_decoy08_model.cif,/mnt/ssd1/Projects/DesCARTes_wd/results/OTRtest/af3_outputs_99/decoy_json/1yy9_LH_vs_4x4m_F_decoy08/1yy9_lh_vs_4x4m_f_decoy08/1yy9_lh_vs_4x4m_f_decoy08_summary_confidences.json,/mnt/ssd1/Projects/DesCARTes_wd/results/OTRtest/af3_outputs_99/decoy_json/1yy9_LH_vs_4x4m_F_decoy08/1yy9_lh_vs_4x4m_f_decoy08/1yy9_lh_vs_4x4m_f_decoy08_confidences.json,A;B;C,A,B,C,explicit_cdr,0.54,0.66,0.57,0.02,0.0,0.21,0.21,0.21,12.02,11.93,11.975,26.33254874537227,26.39158514724712,26.362066946309696,181,209,390,8,13,21,23,275,0.0836363636363636,0.9282051282051282,0.9047619047619048,1850.225153760184,1159.363795948073,880.6201622014123,0.0,,0.0,0.0,0.4533333333333333,1.0,0.9282051282051282,0.9047619047619048,0.4966300366300367,0.282,0.282,0.3688205128205128,0.3688205128205128,-10.2,0,1yy9,0.54,0.21,26.362066946309696,0.0,0.7685247834990175,0.0,0.3507787175248526,0.273,3,4,0.6931361190233649,0.4492740955259116,0.24386202349745334
1yy9_lh_vs_6b3m_q_decoy06,/mnt/ssd1/Projects/DesCARTes_wd/results/OTRtest/af3_outputs_99/decoy_json/1yy9_LH_vs_6b3m_Q_decoy06/1yy9_lh_vs_6b3m_q_decoy06,/mnt/ssd1/Projects/DesCARTes_wd/results/OTRtest/af3_outputs_99/decoy_json/1yy9_LH_vs_6b3m_Q_decoy06/1yy9_lh_vs_6b3m_q_decoy06/1yy9_lh_vs_6b3m_q_decoy06_model.cif,/mnt/ssd1/Projects/DesCARTes_wd/results/OTRtest/af3_outputs_99/decoy_json/1yy9_LH_vs_6b3m_Q_decoy06/1yy9_lh_vs_6b3m_q_decoy06/1yy9_lh_vs_6b3m_q_decoy06_summary_confidences.json,/mnt/ssd1/Projects/DesCARTes_wd/results/OTRtest/af3_outputs_99/decoy_json/1yy9_LH_vs_6b3m_Q_decoy06/1yy9_lh_vs_6b3m_q_decoy06/1yy9_lh_vs_6b3m_q_decoy06_confidences.json,A;B;C,A,B,C,explicit_cdr,0.44,0.58,0.49,0.04,0.0,0.09,0.09,0.09,20.88,21.06,20.97,30.33650898121486,30.25780836534357,30.297158673279213,96,104,200,9,9,18,15,330,0.0454545454545454,0.96,0.8888888888888888,1392.4597428405325,855.8877293009427,620.3283036420253,0.0,,0.0,0.0,0.2,0.7370708018326014,0.96,0.8888888888888888,0.3823030492554092,0.234,0.234,0.2948060672393932,0.2948060672393932,-10.5,0,1yy9,0.44,0.09,30.297158673279213,0.0,0.8175744761936437,0.0,0.28613617142904657,0.19,11,11,0.6931361190233649,0.4492740955259116,0.24386202349745334
1yy9_lh_vs_6har_a_decoy09,/mnt/ssd1/Projects/DesCARTes_wd/results/OTRtest/af3_outputs_99/decoy_json/1yy9_LH_vs_6har_A_decoy09/1yy9_lh_vs_6har_a_decoy09,/mnt/ssd1/Projects/DesCARTes_wd/results/OTRtest/af3_outputs_99/decoy_json/1yy9_LH_vs_6har_A_decoy09/1yy9_lh_vs_6har_a_decoy09/1yy9_lh_vs_6har_a_decoy09_model.cif,/mnt/ssd1/Projects/DesCARTes_wd/results/OTRtest/af3_outputs_99/decoy_json/1yy9_LH_vs_6har_A_decoy09/1yy9_lh_vs_6har_a_decoy09/1yy9_lh_vs_6har_a_decoy09_summary_confidences.json,/mnt/ssd1/Projects/DesCARTes_wd/results/OTRtest/af3_outputs_99/decoy_json/1yy9_LH_vs_6har_A_decoy09/1yy9_lh_vs_6har_a_decoy09/1yy9_lh_vs_6har_a_decoy09_confidences.json,A;B;C,A,B,C,explicit_cdr,0.54,0.67,0.57,0.0,0.0,0.13,0.13,0.13,15.49,15.34,15.415,27.53893321751778,27.944329518779345,27.74163136814856,23,179,202,3,11,14,14,224,0.0625,0.2277227722772277,0.8571428571428571,1311.8240874503972,1072.1642498611327,314.83655217670093,0.0,,0.0,0.0,0.2026666666666666,0.685047798355095,0.2277227722772277,0.8571428571428571,0.2961627892796941,0.283,0.283,0.2991569762478929,0.2991569762478929,-9.3,0,1yy9,0.54,0.13,27.74163136814856,0.0,0.5744425168116591,0.0,0.2936663775217489,0.241,10,7,0.6931361190233649,0.4492740955259116,0.24386202349745334
1yy9_lh_vs_6p7y_a_decoy04,/mnt/ssd1/Projects/DesCARTes_wd/results/OTRtest/af3_outputs_99/decoy_json/1yy9_LH_vs_6p7y_A_decoy04/1yy9_lh_vs_6p7y_a_decoy04,/mnt/ssd1/Projects/DesCARTes_wd/results/OTRtest/af3_outputs_99/decoy_json/1yy9_LH_vs_6p7y_A_decoy04/1yy9_lh_vs_6p7y_a_decoy04/1yy9_lh_vs_6p7y_a_decoy04_model.cif,/mnt/ssd1/Projects/DesCARTes_wd/results/OTRtest/af3_outputs_99/decoy_json/1yy9_LH_vs_6p7y_A_decoy04/1yy9_lh_vs_6p7y_a_decoy04/1yy9_lh_vs_6p7y_a_decoy04_summary_confidences.json,/mnt/ssd1/Projects/DesCARTes_wd/results/OTRtest/af3_outputs_99/decoy_json/1yy9_LH_vs_6p7y_A_decoy04/1yy9_lh_vs_6p7y_a_decoy04/1yy9_lh_vs_6p7y_a_decoy04_confidences.json,A;B;C,A,B,C,explicit_cdr,0.42,0.55,0.45,0.0,0.0,0.15,0.15,0.15,15.51,15.18,15.345,28.544877407134592,28.58354350911672,28.56421045812565,107,202,309,11,15,26,30,430,0.0697674418604651,0.6925566343042071,0.8846153846153846,2254.5544021174064,1316.638096558203,1104.1394785283082,0.0,,0.0,0.0,0.3453333333333333,1.0,0.6925566343042071,0.8846153846153846,0.4440505352252925,0.223,0.223,0.3089176873288524,0.3089176873288524,-14.9,0,1yy9,0.42,0.15,28.56421045812565,0.0,0.997268039236989,0.0,0.3280902058855484,0.207,7,10,0.6931361190233649,0.4492740955259116,0.24386202349745334
1yy9_lh_vs_6s29_a_decoy05,/mnt/ssd1/Projects/DesCARTes_wd/results/OTRtest/af3_outputs_99/decoy_json/1yy9_LH_vs_6s29_A_decoy05/1yy9_lh_vs_6s29_a_decoy05,/mnt/ssd1/Projects/DesCARTes_wd/results/OTRtest/af3_outputs_99/decoy_json/1yy9_LH_vs_6s29_A_decoy05/1yy9_lh_vs_6s29_a_decoy05/1yy9_lh_vs_6s29_a_decoy05_model.cif,/mnt/ssd1/Projects/DesCARTes_wd/results/OTRtest/af3_outputs_99/decoy_json/1yy9_LH_vs_6s29_A_decoy05/1yy9_lh_vs_6s29_a_decoy05/1yy9_lh_vs_6s29_a_decoy05_summary_confidences.json,/mnt/ssd1/Projects/DesCARTes_wd/results/OTRtest/af3_outputs_99/decoy_json/1yy9_LH_vs_6s29_A_decoy05/1yy9_lh_vs_6s29_a_decoy05/1yy9_lh_vs_6s29_a_decoy05_confidences.json,A;B;C,A,B,C,explicit_cdr,0.59,0.68,0.62,0.02,0.0,0.39,0.38,0.385,10.53,10.61,10.57,20.693780911291167,20.573509662626925,20.633645286959045,86,213,299,9,15,24,21,430,0.0488372093023255,0.5752508361204014,0.875,1838.5321059514756,1230.4397788916176,723.4319228806526,0.0,,0.0,0.0,0.332,1.0,0.5752508361204014,0.875,0.4280250836120401,0.304,0.304,0.360808779264214,0.360808779264214,-11.4,0,1yy9,0.59,0.385,20.633645286959045,0.0,0.9168273035060777,0.0,0.4492740955259116,0.36050000000000004,2,2,0.6931361190233649,0.4492740955259116,0.24386202349745334
2vis_lh_vs_1ahw_c_decoy01,/mnt/ssd1/Projects/DesCARTes_wd/results/OTRtest/af3_outputs_99/decoy_json/2vis_LH_vs_1ahw_C_decoy01/2vis_lh_vs_1ahw_c_decoy01,/mnt/ssd1/Projects/DesCARTes_wd/results/OTRtest/af3_outputs_99/decoy_json/2vis_LH_vs_1ahw_C_decoy01/2vis_lh_vs_1ahw_c_decoy01/2vis_lh_vs_1ahw_c_decoy01_model.cif,/mnt/ssd1/Projects/DesCARTes_wd/results/OTRtest/af3_outputs_99/decoy_json/2vis_LH_vs_1ahw_C_decoy01/2vis_lh_vs_1ahw_c_decoy01/2vis_lh_vs_1ahw_c_decoy01_summary_confidences.json,/mnt/ssd1/Projects/DesCARTes_wd/results/OTRtest/af3_outputs_99/decoy_json/2vis_LH_vs_1ahw_C_decoy01/2vis_lh_vs_1ahw_c_decoy01/2vis_lh_vs_1ahw_c_decoy01_confidences.json,A;B;C,A,B,C,explicit_cdr,0.52,0.64,0.55,0.02,0.0,0.15,0.14,0.145,14.86,14.95,14.905,27.68865575735036,27.9161045879539,27.80238017265213,17,248,265,3,14,17,16,219,0.0730593607305936,0.1283018867924528,0.8235294117647058,1542.2286836122255,1430.2039705819516,189.52314225733065,0.0,,0.0,0.0,0.2866666666666667,0.8336959249111133,0.1283018867924528,0.8235294117647058,0.3335889815046052,0.272,0.272,0.3047561435266118,0.3047561435266118,-9.0,0,2vis,0.52,0.145,27.80238017265213,0.0,0.5,0.0,0.28175,0.24,8,6,0.258746878121841,0.46852871752485264,-0.20978183940301165
2vis_lh_vs_4g6m_a_decoy02,/mnt/ssd1/Projects/DesCARTes_wd/results/OTRtest/af3_outputs_99/decoy_json/2vis_LH_vs_4g6m_A_decoy02/2vis_lh_vs_4g6m_a_decoy02,/mnt/ssd1/Projects/DesCARTes_wd/results/OTRtest/af3_outputs_99/decoy_json/2vis_LH_vs_4g6m_A_decoy02/2vis_lh_vs_4g6m_a_decoy02/2vis_lh_vs_4g6m_a_decoy02_model.cif,/mnt/ssd1/Projects/DesCARTes_wd/results/OTRtest/af3_outputs_99/decoy_json/2vis_LH_vs_4g6m_A_decoy02/2vis_lh_vs_4g6m_a_decoy02/2vis_lh_vs_4g6m_a_decoy02_summary_confidences.json,/mnt/ssd1/Projects/DesCARTes_wd/results/OTRtest/af3_outputs_99/decoy_json/2vis_LH_vs_4g6m_A_decoy02/2vis_lh_vs_4g6m_a_decoy02/2vis_lh_vs_4g6m_a_decoy02_confidences.json,A;B;C,A,B,C,explicit_cdr,0.59,0.69,0.61,0.0,0.0,0.16,0.16,0.16,13.87,13.94,13.905,26.220212669683256,26.317406349206347,26.2688095094448,22,221,243,3,17,20,18,150,0.12,0.1810699588477365,0.7,1581.341652268893,1433.6184594750812,239.549623166502,0.0,,0.0,0.0,0.2573333333333333,0.8589300982379955,0.1810699588477365,0.7,0.3242263488657061,0.305,0.305,0.3249792221029971,0.3249792221029971,-11.4,0,2vis,0.59,0.16,26.2688095094448,0.0,0.9168273035060777,0.0,0.3705240955259116,0.27049999999999996,3,3,0.258746878121841,0.46852871752485264,-0.20978183940301165
2vis_lh_vs_4hrl_c_decoy10,/mnt/ssd1/Projects/DesCARTes_wd/results/OTRtest/af3_outputs_99/decoy_json/2vis_LH_vs_4hrl_C_decoy10/2vis_lh_vs_4hrl_c_decoy10,/mnt/ssd1/Projects/DesCARTes_wd/results/OTRtest/af3_outputs_99/decoy_json/2vis_LH_vs_4hrl_C_decoy10/2vis_lh_vs_4hrl_c_decoy10/2vis_lh_vs_4hrl_c_decoy10_model.cif,/mnt/ssd1/Projects/DesCARTes_wd/results/OTRtest/af3_outputs_99/decoy_json/2vis_LH_vs_4hrl_C_decoy10/2vis_lh_vs_4hrl_c_decoy10/2vis_lh_vs_4hrl_c_decoy10_summary_confidences.json,/mnt/ssd1/Projects/DesCARTes_wd/results/OTRtest/af3_outputs_99/decoy_json/2vis_LH_vs_4hrl_C_decoy10/2vis_lh_vs_4hrl_c_decoy10/2vis_lh_vs_4hrl_c_decoy10_confidences.json,A;B;C,A,B,C,explicit_cdr,0.55,0.66,0.57,0.0,0.0,0.16,0.16,0.16,13.01,12.86,12.935,26.232478632478635,26.30172318422319,26.267100908350912,107,183,290,6,13,19,14,198,0.0707070707070707,0.7379310344827585,0.7894736842105263,1573.5817405462622,1191.151318042972,517.6994283279964,0.0,,0.0,0.0,0.32,0.8539237035782337,0.7379310344827585,0.7894736842105263,0.4035252125849752,0.286,0.286,0.3392338244047413,0.3392338244047413,-11.4,0,2vis,0.55,0.16,26.267100908350912,0.0,0.9168273035060777,0.0,0.35852409552591163,0.2565,4,4,0.258746878121841,0.46852871752485264,-0.20978183940301165
2vis_lh_vs_4lyl_c_decoy08,/mnt/ssd1/Projects/DesCARTes_wd/results/OTRtest/af3_outputs_99/decoy_json/2vis_LH_vs_4lyl_C_decoy08/2vis_lh_vs_4lyl_c_decoy08,/mnt/ssd1/Projects/DesCARTes_wd/results/OTRtest/af3_outputs_99/decoy_json/2vis_LH_vs_4lyl_C_decoy08/2vis_lh_vs_4lyl_c_decoy08/2vis_lh_vs_4lyl_c_decoy08_model.cif,/mnt/ssd1/Projects/DesCARTes_wd/results/OTRtest/af3_outputs_99/decoy_json/2vis_LH_vs_4lyl_C_decoy08/2vis_lh_vs_4lyl_c_decoy08/2vis_lh_vs_4lyl_c_decoy08_summary_confidences.json,/mnt/ssd1/Projects/DesCARTes_wd/results/OTRtest/af3_outputs_99/decoy_json/2vis_LH_vs_4lyl_C_decoy08/2vis_lh_vs_4lyl_c_decoy08/2vis_lh_vs_4lyl_c_decoy08_confidences.json,A;B;C,A,B,C,explicit_cdr,0.5,0.62,0.52,0.0,0.0,0.12,0.12,0.12,17.53,17.23,17.380000000000003,28.699941156179616,28.477203715566947,28.58857243587328,51,171,222,5,11,16,12,223,0.0538116591928251,0.4594594594594594,0.875,1308.561570927748,931.1675396404208,547.074863510119,0.0,,0.0,0.0,0.2293333333333333,0.6829429489856439,0.4594594594594594,0.875,0.3273678690764081,0.262,0.262,0.2955787541767428,0.2955787541767428,-9.7,0,2vis,0.5,0.12,28.58857243587328,0.0,0.6681877721681659,0.0,0.2922281658252249,0.22299999999999998,7,8,0.258746878121841,0.46852871752485264,-0.20978183940301165
2vis_lh_vs_4o27_a_decoy05,/mnt/ssd1/Projects/DesCARTes_wd/results/OTRtest/af3_outputs_99/decoy_json/2vis_LH_vs_4o27_A_decoy05/2vis_lh_vs_4o27_a_decoy05,/mnt/ssd1/Projects/DesCARTes_wd/results/OTRtest/af3_outputs_99/decoy_json/2vis_LH_vs_4o27_A_decoy05/2vis_lh_vs_4o27_a_decoy05/2vis_lh_vs_4o27_a_decoy05_model.cif,/mnt/ssd1/Projects/DesCARTes_wd/results/OTRtest/af3_outputs_99/decoy_json/2vis_LH_vs_4o27_A_decoy05/2vis_lh_vs_4o27_a_decoy05/2vis_lh_vs_4o27_a_decoy05_summary_confidences.json,/mnt/ssd1/Projects/DesCARTes_wd/results/OTRtest/af3_outputs_99/decoy_json/2vis_LH_vs_4o27_A_decoy05/2vis_lh_vs_4o27_a_decoy05/2vis_lh_vs_4o27_a_decoy05_confidences.json,A;B;C,A,B,C,explicit_cdr,0.43,0.56,0.46,0.0,0.0,0.11,0.11,0.11,20.48,20.18,20.33,29.190197006613296,29.141913553113557,29.166055279863425,32,236,268,6,13,19,17,325,0.0523076923076923,0.2388059701492537,0.6842105263157895,1816.46181914692,1600.6815944595835,385.6913229393394,0.0,,0.0,0.0,0.2906666666666667,1.0,0.2388059701492537,0.6842105263157895,0.364968316313171,0.228,0.228,0.2847389107096099,0.2847389107096099,-9.7,0,2vis,0.43,0.11,29.166055279863425,0.0,0.6681877721681659,0.0,0.2677281658252249,0.1945,9,11,0.258746878121841,0.46852871752485264,-0.20978183940301165
2vis_lh_vs_4x4m_f_decoy04,/mnt/ssd1/Projects/DesCARTes_wd/results/OTRtest/af3_outputs_99/decoy_json/2vis_LH_vs_4x4m_F_decoy04/2vis_lh_vs_4x4m_f_decoy04,/mnt/ssd1/Projects/DesCARTes_wd/results/OTRtest/af3_outputs_99/decoy_json/2vis_LH_vs_4x4m_F_decoy04/2vis_lh_vs_4x4m_f_decoy04/2vis_lh_vs_4x4m_f_decoy04_model.cif,/mnt/ssd1/Projects/DesCARTes_wd/results/OTRtest/af3_outputs_99/decoy_json/2vis_LH_vs_4x4m_F_decoy04/2vis_lh_vs_4x4m_f_decoy04/2vis_lh_vs_4x4m_f_decoy04_summary_confidences.json,/mnt/ssd1/Projects/DesCARTes_wd/results/OTRtest/af3_outputs_99/decoy_json/2vis_LH_vs_4x4m_F_decoy04/2vis_lh_vs_4x4m_f_decoy04/2vis_lh_vs_4x4m_f_decoy04_confidences.json,A;B;C,A,B,C,explicit_cdr,0.48,0.6,0.51,0.02,0.0,0.14,0.14,0.14,14.23,14.99,14.61,27.587604278074863,27.95187965367965,27.76974196587726,44,163,207,4,12,16,13,275,0.0472727272727272,0.4251207729468599,0.8125,1594.7337382599944,1255.6642101138568,401.5040772702414,0.0,,0.0,0.0,0.2093333333333333,0.8675701537161254,0.4251207729468599,0.8125,0.3496094413712444,0.252,0.252,0.2963633044799355,0.2963633044799355,-8.0,0,2vis,0.48,0.14,27.76974196587726,0.0,0.2689414213699951,0.0,0.23334121320549928,0.22399999999999998,11,7,0.258746878121841,0.46852871752485264,-0.20978183940301165
2vis_lh_vs_5nx1_a_decoy09,/mnt/ssd1/Projects/DesCARTes_wd/results/OTRtest/af3_outputs_99/decoy_json/2vis_LH_vs_5nx1_A_decoy09/2vis_lh_vs_5nx1_a_decoy09,/mnt/ssd1/Projects/DesCARTes_wd/results/OTRtest/af3_outputs_99/decoy_json/2vis_LH_vs_5nx1_A_decoy09/2vis_lh_vs_5nx1_a_decoy09/2vis_lh_vs_5nx1_a_decoy09_model.cif,/mnt/ssd1/Projects/DesCARTes_wd/results/OTRtest/af3_outputs_99/decoy_json/2vis_LH_vs_5nx1_A_decoy09/2vis_lh_vs_5nx1_a_decoy09/2vis_lh_vs_5nx1_a_decoy09_summary_confidences.json,/mnt/ssd1/Projects/DesCARTes_wd/results/OTRtest/af3_outputs_99/decoy_json/2vis_LH_vs_5nx1_A_decoy09/2vis_lh_vs_5nx1_a_decoy09/2vis_lh_vs_5nx1_a_decoy09_confidences.json,A;B;C,A,B,C,explicit_cdr,0.67,0.74,0.68,0.0,0.0,0.45,0.42,0.435,7.5,8.83,8.165,19.61371466834405,19.74965940636344,19.681687037353747,37,173,210,5,15,20,25,223,0.1121076233183856,0.3523809523809523,0.75,1861.497901222232,1467.5503921215277,507.1678008692179,0.0,,0.0,0.0,0.2133333333333333,1.0,0.3523809523809523,0.75,0.3635714285714286,0.342,0.342,0.36525,0.36525,-10.2,0,2vis,0.67,0.435,19.681687037353747,0.0,0.7685247834990175,0.0,0.46852871752485264,0.4085,1,1,0.258746878121841,0.46852871752485264,-0.20978183940301165
2vis_lh_vs_6b3m_q_decoy06,/mnt/ssd1/Projects/DesCARTes_wd/results/OTRtest/af3_outputs_99/decoy_json/2vis_LH_vs_6b3m_Q_decoy06/2vis_lh_vs_6b3m_q_decoy06,/mnt/ssd1/Projects/DesCARTes_wd/results/OTRtest/af3_outputs_99/decoy_json/2vis_LH_vs_6b3m_Q_decoy06/2vis_lh_vs_6b3m_q_decoy06/2vis_lh_vs_6b3m_q_decoy06_model.cif,/mnt/ssd1/Projects/DesCARTes_wd/results/OTRtest/af3_outputs_99/decoy_json/2vis_LH_vs_6b3m_Q_decoy06/2vis_lh_vs_6b3m_q_decoy06/2vis_lh_vs_6b3m_q_decoy06_summary_confidences.json,/mnt/ssd1/Projects/DesCARTes_wd/results/OTRtest/af3_outputs_99/decoy_json/2vis_LH_vs_6b3m_Q_decoy06/2vis_lh_vs_6b3m_q_decoy06/2vis_lh_vs_6b3m_q_decoy06_confidences.json,A;B;C,A,B,C,explicit_cdr,0.44,0.56,0.48,0.04,0.0,0.13,0.13,0.13,16.47,16.54,16.505,28.771068833127654,28.816736652236653,28.793902742682157,23,152,175,5,14,19,15,330,0.0454545454545454,0.2628571428571429,0.7368421052631579,1368.33733062978,1068.296126958514,351.9108430728156,0.0,,0.0,0.0,0.1666666666666666,0.7215079552450193,0.2628571428571429,0.7368421052631579,0.2859381825277006,0.232,0.232,0.2600783638846952,0.2600783638846952,-11.2,0,2vis,0.44,0.13,28.793902742682157,0.0,0.9002495108803148,0.0,0.3125374266320472,0.20600000000000002,6,10,0.258746878121841,0.46852871752485264,-0.20978183940301165
2vis_lh_vs_6har_a_decoy07,/mnt/ssd1/Projects/DesCARTes_wd/results/OTRtest/af3_outputs_99/decoy_json/2vis_LH_vs_6har_A_decoy07/2vis_lh_vs_6har_a_decoy07,/mnt/ssd1/Projects/DesCARTes_wd/results/OTRtest/af3_outputs_99/decoy_json/2vis_LH_vs_6har_A_decoy07/2vis_lh_vs_6har_a_decoy07/2vis_lh_vs_6har_a_decoy07_model.cif,/mnt/ssd1/Projects/DesCARTes_wd/results/OTRtest/af3_outputs_99/decoy_json/2vis_LH_vs_6har_A_decoy07/2vis_lh_vs_6har_a_decoy07/2vis_lh_vs_6har_a_decoy07_summary_confidences.json,/mnt/ssd1/Projects/DesCARTes_wd/results/OTRtest/af3_outputs_99/decoy_json/2vis_LH_vs_6har_A_decoy07/2vis_lh_vs_6har_a_decoy07/2vis_lh_vs_6har_a_decoy07_confidences.json,A;B;C,A,B,C,explicit_cdr,0.52,0.63,0.54,0.0,0.0,0.17,0.16,0.165,14.57,14.48,14.525,27.177305874272783,27.20819302721088,27.19274945074184,47,190,237,4,11,15,22,224,0.0982142857142857,0.3966244725738397,0.8,1557.38580679171,1068.933978939236,559.1953215898211,0.0,,0.0,0.0,0.2493333333333333,0.8434747140591676,0.3966244725738397,0.8,0.3506907234025508,0.271,0.271,0.3102417531908928,0.3102417531908928,-10.5,0,2vis,0.52,0.165,27.19274945074184,0.0,0.8175744761936437,0.0,0.33638617142904653,0.248,5,5,0.258746878121841,0.46852871752485264,-0.20978183940301165
2vis_lh_vs_6o3b_c_decoy03,/mnt/ssd1/Projects/DesCARTes_wd/results/OTRtest/af3_outputs_99/decoy_json/2vis_LH_vs_6o3b_C_decoy03/2vis_lh_vs_6o3b_c_decoy03,/mnt/ssd1/Projects/DesCARTes_wd/results/OTRtest/af3_outputs_99/decoy_json/2vis_LH_vs_6o3b_C_decoy03/2vis_lh_vs_6o3b_c_decoy03/2vis_lh_vs_6o3b_c_decoy03_model.cif,/mnt/ssd1/Projects/DesCARTes_wd/results/OTRtest/af3_outputs_99/decoy_json/2vis_LH_vs_6o3b_C_decoy03/2vis_lh_vs_6o3b_c_decoy03/2vis_lh_vs_6o3b_c_decoy03_summary_confidences.json,/mnt/ssd1/Projects/DesCARTes_wd/results/OTRtest/af3_outputs_99/decoy_json/2vis_LH_vs_6o3b_C_decoy03/2vis_lh_vs_6o3b_c_decoy03/2vis_lh_vs_6o3b_c_decoy03_confidences.json,A;B;C,A,B,C,explicit_cdr,0.6,0.7,0.63,0.02,0.0,0.16,0.16,0.16,13.79,14.03,13.91,26.456103749191985,26.42999829931973,26.44305102425586,84,291,375,6,14,20,21,140,0.15,0.4479999999999999,0.75,1927.8686962952013,1459.913608818977,626.0025092978904,0.0,,0.0,0.0,0.4333333333333333,1.0,0.4479999999999999,0.75,0.4281333333333333,0.31,0.31,0.3648466666666666,0.3648466666666666,-11.3,0,2vis,0.6,0.16,26.44305102425586,0.0,0.9088770389851439,0.0,0.37233155584777156,0.274,2,2,0.258746878121841,0.46852871752485264,-0.20978183940301165
4g6m_lh_vs_1ahw_c_decoy10,/mnt/ssd1/Projects/DesCARTes_wd/results/OTRtest/af3_outputs_99/decoy_json/4g6m_LH_vs_1ahw_C_decoy10/4g6m_lh_vs_1ahw_c_decoy10,/mnt/ssd1/Projects/DesCARTes_wd/results/OTRtest/af3_outputs_99/decoy_json/4g6m_LH_vs_1ahw_C_decoy10/4g6m_lh_vs_1ahw_c_decoy10/4g6m_lh_vs_1ahw_c_decoy10_model.cif,/mnt/ssd1/Projects/DesCARTes_wd/results/OTRtest/af3_outputs_99/decoy_json/4g6m_LH_vs_1ahw_C_decoy10/4g6m_lh_vs_1ahw_c_decoy10/4g6m_lh_vs_1ahw_c_decoy10_summary_confidences.json,/mnt/ssd1/Projects/DesCARTes_wd/results/OTRtest/af3_outputs_99/decoy_json/4g6m_LH_vs_1ahw_C_decoy10/4g6m_lh_vs_1ahw_c_decoy10/4g6m_lh_vs_1ahw_c_decoy10_confidences.json,A;B;C,A,B,C,explicit_cdr,0.51,0.63,0.55,0.02,0.0,0.15,0.15,0.15,14.88,15.38,15.13,27.48506849315069,27.40135164104873,27.44321006709971,74,229,303,7,19,26,22,219,0.1004566210045662,0.4884488448844885,0.8076923076923077,1800.65848566376,1393.633547937403,555.3385788262603,0.0,,0.0,0.0,0.3373333333333333,1.0,0.4884488448844885,0.8076923076923077,0.4139474485910129,0.267,0.267,0.3293816070068545,0.3293816070068545,-13.2,0,4g6m,0.51,0.15,27.44321006709971,0.0,0.9852259683067269,0.0,0.353283895246009,0.2385,10,10,0.38084844593386935,0.4020520685056862,-0.02120362257181685
4g6m_lh_vs_1mlc_e_decoy02,/mnt/ssd1/Projects/DesCARTes_wd/results/OTRtest/af3_outputs_99/decoy_json/4g6m_LH_vs_1mlc_E_decoy02/4g6m_lh_vs_1mlc_e_decoy02,/mnt/ssd1/Projects/DesCARTes_wd/results/OTRtest/af3_outputs_99/decoy_json/4g6m_LH_vs_1mlc_E_decoy02/4g6m_lh_vs_1mlc_e_decoy02/4g6m_lh_vs_1mlc_e_decoy02_model.cif,/mnt/ssd1/Projects/DesCARTes_wd/results/OTRtest/af3_outputs_99/decoy_json/4g6m_LH_vs_1mlc_E_decoy02/4g6m_lh_vs_1mlc_e_decoy02/4g6m_lh_vs_1mlc_e_decoy02_summary_confidences.json,/mnt/ssd1/Projects/DesCARTes_wd/results/OTRtest/af3_outputs_99/decoy_json/4g6m_LH_vs_1mlc_E_decoy02/4g6m_lh_vs_1mlc_e_decoy02/4g6m_lh_vs_1mlc_e_decoy02_confidences.json,A;B;C,A,B,C,explicit_cdr,0.59,0.69,0.61,0.0,0.0,0.13,0.13,0.13,14.11,13.89,14.0,27.117304439746302,26.901790588492197,27.009547514119248,114,125,239,10,6,16,15,129,0.1162790697674418,0.9539748953974896,0.625,1398.9500818526683,672.6154380806365,792.8670645666571,0.0,,0.0,0.0,0.252,0.7412581173243022,0.9539748953974896,0.625,0.3691491130046094,0.305,0.305,0.3407021895516132,0.3407021895516132,-11.6,0,4g6m,0.59,0.13,27.009547514119248,0.0,0.9308615796566531,0.0,0.36212923694849797,0.2585,7,8,0.38084844593386935,0.4020520685056862,-0.02120362257181685
4g6m_lh_vs_1vfb_c_decoy03,/mnt/ssd1/Projects/DesCARTes_wd/results/OTRtest/af3_outputs_99/decoy_json/4g6m_LH_vs_1vfb_C_decoy03/4g6m_lh_vs_1vfb_c_decoy03,/mnt/ssd1/Projects/DesCARTes_wd/results/OTRtest/af3_outputs_99/decoy_json/4g6m_LH_vs_1vfb_C_decoy03/4g6m_lh_vs_1vfb_c_decoy03/4g6m_lh_vs_1vfb_c_decoy03_model.cif,/mnt/ssd1/Projects/DesCARTes_wd/results/OTRtest/af3_outputs_99/decoy_json/4g6m_LH_vs_1vfb_C_decoy03/4g6m_lh_vs_1vfb_c_decoy03/4g6m_lh_vs_1vfb_c_decoy03_summary_confidences.json,/mnt/ssd1/Projects/DesCARTes_wd/results/OTRtest/af3_outputs_99/decoy_json/4g6m_LH_vs_1vfb_C_decoy03/4g6m_lh_vs_1vfb_c_decoy03/4g6m_lh_vs_1vfb_c_decoy03_confidences.json,A;B;C,A,B,C,explicit_cdr,0.59,0.69,0.61,0.0,0.0,0.13,0.13,0.13,14.11,13.89,14.0,27.117304439746302,26.901790588492197,27.009547514119248,114,125,239,10,6,16,15,129,0.1162790697674418,0.9539748953974896,0.625,1398.9500818526683,672.6154380806365,792.8670645666571,0.0,,0.0,0.0,0.252,0.7412581173243022,0.9539748953974896,0.625,0.3691491130046094,0.305,0.305,0.3407021895516132,0.3407021895516132,-11.6,0,4g6m,0.59,0.13,27.009547514119248,0.0,0.9308615796566531,0.0,0.36212923694849797,0.2585,7,8,0.38084844593386935,0.4020520685056862,-0.02120362257181685
4g6m_lh_vs_4hrl_c_decoy08,/mnt/ssd1/Projects/DesCARTes_wd/results/OTRtest/af3_outputs_99/decoy_json/4g6m_LH_vs_4hrl_C_decoy08/4g6m_lh_vs_4hrl_c_decoy08,/mnt/ssd1/Projects/DesCARTes_wd/results/OTRtest/af3_outputs_99/decoy_json/4g6m_LH_vs_4hrl_C_decoy08/4g6m_lh_vs_4hrl_c_decoy08/4g6m_lh_vs_4hrl_c_decoy08_model.cif,/mnt/ssd1/Projects/DesCARTes_wd/results/OTRtest/af3_outputs_99/decoy_json/4g6m_LH_vs_4hrl_C_decoy08/4g6m_lh_vs_4hrl_c_decoy08/4g6m_lh_vs_4hrl_c_decoy08_summary_confidences.json,/mnt/ssd1/Projects/DesCARTes_wd/results/OTRtest/af3_outputs_99/decoy_json/4g6m_LH_vs_4hrl_C_decoy08/4g6m_lh_vs_4hrl_c_decoy08/4g6m_lh_vs_4hrl_c_decoy08_confidences.json,A;B;C,A,B,C,explicit_cdr,0.52,0.63,0.54,0.0,0.0,0.12,0.12,0.12,15.77,15.74,15.755,28.267956841138663,28.159352918859963,28.21365487999931,59,103,162,5,9,14,15,198,0.0757575757575757,0.7283950617283951,0.7142857142857143,1420.2017345429194,1035.5455427341583,481.2534011185162,0.0,,0.0,0.0,0.1493333333333333,0.7549688609954319,0.7283950617283951,0.7142857142857143,0.3325951831338307,0.271,0.271,0.3039083140968407,0.3039083140968407,-10.7,0,4g6m,0.52,0.12,28.21365487999931,0.0,0.8455347349164652,0.0,0.32483021023746983,0.22999999999999998,11,11,0.38084844593386935,0.4020520685056862,-0.02120362257181685
4g6m_lh_vs_5gpg_a_decoy06,/mnt/ssd1/Projects/DesCARTes_wd/results/OTRtest/af3_outputs_99/decoy_json/4g6m_LH_vs_5gpg_A_decoy06/4g6m_lh_vs_5gpg_a_decoy06,/mnt/ssd1/Projects/DesCARTes_wd/results/OTRtest/af3_outputs_99/decoy_json/4g6m_LH_vs_5gpg_A_decoy06/4g6m_lh_vs_5gpg_a_decoy06/4g6m_lh_vs_5gpg_a_decoy06_model.cif,/mnt/ssd1/Projects/DesCARTes_wd/results/OTRtest/af3_outputs_99/decoy_json/4g6m_LH_vs_5gpg_A_decoy06/4g6m_lh_vs_5gpg_a_decoy06/4g6m_lh_vs_5gpg_a_decoy06_summary_confidences.json,/mnt/ssd1/Projects/DesCARTes_wd/results/OTRtest/af3_outputs_99/decoy_json/4g6m_LH_vs_5gpg_A_decoy06/4g6m_lh_vs_5gpg_a_decoy06/4g6m_lh_vs_5gpg_a_decoy06_confidences.json,A;B;C,A,B,C,explicit_cdr,0.62,0.71,0.64,0.0,0.0,0.19,0.18,0.185,12.43,12.04,12.235,25.15528749028749,25.215573211347863,25.18543035081768,32,198,230,3,11,14,14,117,0.1196581196581196,0.2782608695652173,0.7142857142857143,1296.9075501743682,870.2541877225303,476.0527924863454,0.0,,0.0,0.0,0.24,0.6754242259189472,0.2782608695652173,0.7142857142857143,0.2943395035688826,0.319,0.319,0.3245188262491089,0.3245188262491089,-10.4,0,4g6m,0.62,0.185,25.18543035081768,0.0,0.8021838885585818,0.0,0.37107758328378726,0.291,6,4,0.38084844593386935,0.4020520685056862,-0.02120362257181685
4g6m_lh_vs_5vx2_c_decoy04,/mnt/ssd1/Projects/DesCARTes_wd/results/OTRtest/af3_outputs_99/decoy_json/4g6m_LH_vs_5vx2_C_decoy04/4g6m_lh_vs_5vx2_c_decoy04,/mnt/ssd1/Projects/DesCARTes_wd/results/OTRtest/af3_outputs_99/decoy_json/4g6m_LH_vs_5vx2_C_decoy04/4g6m_lh_vs_5vx2_c_decoy04/4g6m_lh_vs_5vx2_c_decoy04_model.cif,/mnt/ssd1/Projects/DesCARTes_wd/results/OTRtest/af3_outputs_99/decoy_json/4g6m_LH_vs_5vx2_C_decoy04/4g6m_lh_vs_5vx2_c_decoy04/4g6m_lh_vs_5vx2_c_decoy04_summary_confidences.json,/mnt/ssd1/Projects/DesCARTes_wd/results/OTRtest/af3_outputs_99/decoy_json/4g6m_LH_vs_5vx2_C_decoy04/4g6m_lh_vs_5vx2_c_decoy04/4g6m_lh_vs_5vx2_c_decoy04_confidences.json,A;B;C,A,B,C,explicit_cdr,0.58,0.68,0.61,0.02,0.0,0.17,0.17,0.17,13.41,12.88,13.145,26.080457351290686,25.823017736045905,25.95173754366829,79,173,252,8,9,17,17,162,0.1049382716049382,0.626984126984127,0.8235294117647058,1645.613427417422,956.795640143122,750.8958514646838,0.0,,0.0,0.0,0.2693333333333333,0.9003957596241432,0.626984126984127,0.8235294117647058,0.3924638391330453,0.3,0.3,0.3453623436965658,0.3453623436965658,-11.7,0,4g6m,0.58,0.17,25.95173754366829,0.0,0.9370266439430035,0.0,0.3740539965914505,0.271,5,6,0.38084844593386935,0.4020520685056862,-0.02120362257181685
4g6m_lh_vs_6dmx_i_decoy09,/mnt/ssd1/Projects/DesCARTes_wd/results/OTRtest/af3_outputs_99/decoy_json/4g6m_LH_vs_6dmx_I_decoy09/4g6m_lh_vs_6dmx_i_decoy09,/mnt/ssd1/Projects/DesCARTes_wd/results/OTRtest/af3_outputs_99/decoy_json/4g6m_LH_vs_6dmx_I_decoy09/4g6m_lh_vs_6dmx_i_decoy09/4g6m_lh_vs_6dmx_i_decoy09_model.cif,/mnt/ssd1/Projects/DesCARTes_wd/results/OTRtest/af3_outputs_99/decoy_json/4g6m_LH_vs_6dmx_I_decoy09/4g6m_lh_vs_6dmx_i_decoy09/4g6m_lh_vs_6dmx_i_decoy09_summary_confidences.json,/mnt/ssd1/Projects/DesCARTes_wd/results/OTRtest/af3_outputs_99/decoy_json/4g6m_LH_vs_6dmx_I_decoy09/4g6m_lh_vs_6dmx_i_decoy09/4g6m_lh_vs_6dmx_i_decoy09_confidences.json,A;B;C,A,B,C,explicit_cdr,0.66,0.74,0.68,0.0,0.0,0.16,0.16,0.16,12.84,13.02,12.93,25.733019111570247,25.779460093896716,25.75623960273348,66,136,202,4,10,14,12,88,0.1363636363636363,0.6534653465346535,0.7857142857142857,1123.1994593253985,833.789235525408,373.3867599319492,0.0,,0.0,0.0,0.2026666666666666,0.5633544898873538,0.6534653465346535,0.7857142857142857,0.3072555278690313,0.338,0.338,0.342539434754161,0.342539434754161,-11.0,0,4g6m,0.66,0.16,25.75623960273348,0.0,0.8807970779778823,0.0,0.3861195616966824,0.295,2,3,0.38084844593386935,0.4020520685056862,-0.02120362257181685
4g6m_lh_vs_6j9m_d_decoy05,/mnt/ssd1/Projects/DesCARTes_wd/results/OTRtest/af3_outputs_99/decoy_json/4g6m_LH_vs_6j9m_D_decoy05/4g6m_lh_vs_6j9m_d_decoy05,/mnt/ssd1/Projects/DesCARTes_wd/results/OTRtest/af3_outputs_99/decoy_json/4g6m_LH_vs_6j9m_D_decoy05/4g6m_lh_vs_6j9m_d_decoy05/4g6m_lh_vs_6j9m_d_decoy05_model.cif,/mnt/ssd1/Projects/DesCARTes_wd/results/OTRtest/af3_outputs_99/decoy_json/4g6m_LH_vs_6j9m_D_decoy05/4g6m_lh_vs_6j9m_d_decoy05/4g6m_lh_vs_6j9m_d_decoy05_summary_confidences.json,/mnt/ssd1/Projects/DesCARTes_wd/results/OTRtest/af3_outputs_99/decoy_json/4g6m_LH_vs_6j9m_D_decoy05/4g6m_lh_vs_6j9m_d_decoy05/4g6m_lh_vs_6j9m_d_decoy05_confidences.json,A;B;C,A,B,C,explicit_cdr,0.61,0.71,0.63,0.01,0.0,0.15,0.15,0.15,13.49,13.58,13.535,26.387640000000005,26.140918309859156,26.26427915492958,122,239,361,11,16,27,23,125,0.184,0.6759002770083102,0.7777777777777778,1963.7051623429,1231.9999503540566,915.9805347983385,0.0,,0.0,0.0,0.4146666666666667,1.0,0.6759002770083102,0.7777777777777778,0.4490344721452755,0.315,0.315,0.3756620652508464,0.3756620652508464,-10.6,0,4g6m,0.61,0.15,26.26427915492958,0.0,0.8320183851339245,0.0,0.36030275777008863,0.27349999999999997,9,5,0.38084844593386935,0.4020520685056862,-0.02120362257181685
4g6m_lh_vs_6nmt_c_decoy07,/mnt/ssd1/Projects/DesCARTes_wd/results/OTRtest/af3_outputs_99/decoy_json/4g6m_LH_vs_6nmt_C_decoy07/4g6m_lh_vs_6nmt_c_decoy07,/mnt/ssd1/Projects/DesCARTes_wd/results/OTRtest/af3_outputs_99/decoy_json/4g6m_LH_vs_6nmt_C_decoy07/4g6m_lh_vs_6nmt_c_decoy07/4g6m_lh_vs_6nmt_c_decoy07_model.cif,/mnt/ssd1/Projects/DesCARTes_wd/results/OTRtest/af3_outputs_99/decoy_json/4g6m_LH_vs_6nmt_C_decoy07/4g6m_lh_vs_6nmt_c_decoy07/4g6m_lh_vs_6nmt_c_decoy07_summary_confidences.json,/mnt/ssd1/Projects/DesCARTes_wd/results/OTRtest/af3_outputs_99/decoy_json/4g6m_LH_vs_6nmt_C_decoy07/4g6m_lh_vs_6nmt_c_decoy07/4g6m_lh_vs_6nmt_c_decoy07_confidences.json,A;B;C,A,B,C,explicit_cdr,0.6,0.7,0.63,0.02,0.0,0.14,0.14,0.14,14.14,14.69,14.415,26.71666607015032,26.94480980370412,26.830737936927218,107,296,403,8,13,21,16,127,0.1259842519685039,0.5310173697270472,0.6666666666666666,1734.573590418433,1142.001288086558,800.1419530642343,0.0,,0.0,0.0,0.4706666666666667,0.9577894131731826,0.5310173697270472,0.6666666666666666,0.4289929529406746,0.31,0.31,0.3651475335292361,0.3651475335292361,-12.5,0,4g6m,0.6,0.14,26.830737936927218,0.0,0.9706877692486436,0.0,0.37460316538729654,0.266,4,7,0.38084844593386935,0.4020520685056862,-0.02120362257181685
4g6m_lh_vs_6o3b_c_decoy01,/mnt/ssd1/Projects/DesCARTes_wd/results/OTRtest/af3_outputs_99/decoy_json/4g6m_LH_vs_6o3b_C_decoy01/4g6m_lh_vs_6o3b_c_decoy01,/mnt/ssd1/Projects/DesCARTes_wd/results/OTRtest/af3_outputs_99/decoy_json/4g6m_LH_vs_6o3b_C_decoy01/4g6m_lh_vs_6o3b_c_decoy01/4g6m_lh_vs_6o3b_c_decoy01_model.cif,/mnt/ssd1/Projects/DesCARTes_wd/results/OTRtest/af3_outputs_99/decoy_json/4g6m_LH_vs_6o3b_C_decoy01/4g6m_lh_vs_6o3b_c_decoy01/4g6m_lh_vs_6o3b_c_decoy01_summary_confidences.json,/mnt/ssd1/Projects/DesCARTes_wd/results/OTRtest/af3_outputs_99/decoy_json/4g6m_LH_vs_6o3b_C_decoy01/4g6m_lh_vs_6o3b_c_decoy01/4g6m_lh_vs_6o3b_c_decoy01_confidences.json,A;B;C,A,B,C,explicit_cdr,0.61,0.71,0.64,0.01,0.0,0.21,0.2,0.205,12.47,12.49,12.48,24.585688311688312,24.630191146881288,24.6079397292848,84,216,300,6,14,20,15,140,0.1071428571428571,0.56,0.75,1653.0001139098677,1113.892976350482,697.2723936395632,0.0,,0.0,0.0,0.3333333333333333,0.905161363812818,0.56,0.75,0.3953656060958969,0.315,0.315,0.3568779621335639,0.3568779621335639,-13.0,0,4g6m,0.61,0.205,24.6079397292848,0.0,0.9820137900379085,0.0,0.4020520685056862,0.2955,1,2,0.38084844593386935,0.4020520685056862,-0.02120362257181685
6dca_lh_vs_1mlc_e_decoy02,/mnt/ssd1/Projects/DesCARTes_wd/results/OTRtest/af3_outputs_99/decoy_json/6dca_LH_vs_1mlc_E_decoy02/6dca_lh_vs_1mlc_e_decoy02,/mnt/ssd1/Projects/DesCARTes_wd/results/OTRtest/af3_outputs_99/decoy_json/6dca_LH_vs_1mlc_E_decoy02/6dca_lh_vs_1mlc_e_decoy02/6dca_lh_vs_1mlc_e_decoy02_model.cif,/mnt/ssd1/Projects/DesCARTes_wd/results/OTRtest/af3_outputs_99/decoy_json/6dca_LH_vs_1mlc_E_decoy02/6dca_lh_vs_1mlc_e_decoy02/6dca_lh_vs_1mlc_e_decoy02_summary_confidences.json,/mnt/ssd1/Projects/DesCARTes_wd/results/OTRtest/af3_outputs_99/decoy_json/6dca_LH_vs_1mlc_E_decoy02/6dca_lh_vs_1mlc_e_decoy02/6dca_lh_vs_1mlc_e_decoy02_confidences.json,A;B;C,A,B,C,explicit_cdr,0.59,0.69,0.61,0.01,0.0,0.13,0.14,0.135,17.0,15.42,16.21,27.419523659195345,26.55869248275372,26.98910807097453,117,42,159,17,5,22,16,129,0.1240310077519379,0.5283018867924528,0.3636363636363636,1482.7018880868527,373.77537334312,1163.8751363562187,0.0,,0.0,0.0,0.1453333333333333,0.7952915407011953,0.5283018867924528,0.3636363636363636,0.284585466516454,0.305,0.305,0.3111049132807589,0.3111049132807589,-10.6,0,6dca,0.59,0.135,26.98910807097453,0.0,0.8320183851339245,0.0,0.34905275777008865,0.2605,7,6,0.762200375948219,0.4292572297199644,0.3329431462282546
6dca_lh_vs_1vfb_c_decoy03,/mnt/ssd1/Projects/DesCARTes_wd/results/OTRtest/af3_outputs_99/decoy_json/6dca_LH_vs_1vfb_C_decoy03/6dca_lh_vs_1vfb_c_decoy03,/mnt/ssd1/Projects/DesCARTes_wd/results/OTRtest/af3_outputs_99/decoy_json/6dca_LH_vs_1vfb_C_decoy03/6dca_lh_vs_1vfb_c_decoy03/6dca_lh_vs_1vfb_c_decoy03_model.cif,/mnt/ssd1/Projects/DesCARTes_wd/results/OTRtest/af3_outputs_99/decoy_json/6dca_LH_vs_1vfb_C_decoy03/6dca_lh_vs_1vfb_c_decoy03/6dca_lh_vs_1vfb_c_decoy03_summary_confidences.json,/mnt/ssd1/Projects/DesCARTes_wd/results/OTRtest/af3_outputs_99/decoy_json/6dca_LH_vs_1vfb_C_decoy03/6dca_lh_vs_1vfb_c_decoy03/6dca_lh_vs_1vfb_c_decoy03_confidences.json,A;B;C,A,B,C,explicit_cdr,0.59,0.69,0.61,0.01,0.0,0.13,0.14,0.135,17.0,15.42,16.21,27.419523659195345,26.55869248275372,26.98910807097453,117,42,159,17,5,22,16,129,0.1240310077519379,0.5283018867924528,0.3636363636363636,1482.7018880868527,373.77537334312,1163.8751363562187,0.0,,0.0,0.0,0.1453333333333333,0.7952915407011953,0.5283018867924528,0.3636363636363636,0.284585466516454,0.305,0.305,0.3111049132807589,0.3111049132807589,-10.6,0,6dca,0.59,0.135,26.98910807097453,0.0,0.8320183851339245,0.0,0.34905275777008865,0.2605,7,6,0.762200375948219,0.4292572297199644,0.3329431462282546
6dca_lh_vs_4g6m_a_decoy08,/mnt/ssd1/Projects/DesCARTes_wd/results/OTRtest/af3_outputs_99/decoy_json/6dca_LH_vs_4g6m_A_decoy08/6dca_lh_vs_4g6m_a_decoy08,/mnt/ssd1/Projects/DesCARTes_wd/results/OTRtest/af3_outputs_99/decoy_json/6dca_LH_vs_4g6m_A_decoy08/6dca_lh_vs_4g6m_a_decoy08/6dca_lh_vs_4g6m_a_decoy08_model.cif,/mnt/ssd1/Projects/DesCARTes_wd/results/OTRtest/af3_outputs_99/decoy_json/6dca_LH_vs_4g6m_A_decoy08/6dca_lh_vs_4g6m_a_decoy08/6dca_lh_vs_4g6m_a_decoy08_summary_confidences.json,/mnt/ssd1/Projects/DesCARTes_wd/results/OTRtest/af3_outputs_99/decoy_json/6dca_LH_vs_4g6m_A_decoy08/6dca_lh_vs_4g6m_a_decoy08/6dca_lh_vs_4g6m_a_decoy08_confidences.json,A;B;C,A,B,C,explicit_cdr,0.58,0.68,0.6,0.0,0.0,0.15,0.14,0.145,14.38,14.88,14.63,26.912027149321265,26.728581039755355,26.820304094538308,83,242,325,10,22,32,22,150,0.1466666666666666,0.5107692307692308,0.6875,2272.177399098666,1648.6768942359522,797.5938987912195,0.0,,0.0,0.0,0.3666666666666666,1.0,0.5107692307692308,0.6875,0.4114935897435897,0.3,0.3,0.3520227564102564,0.3520227564102564,-13.9,0,6dca,0.58,0.145,26.820304094538308,0.0,0.9926084586557181,0.0,0.3736412687983577,0.261,5,5,0.762200375948219,0.4292572297199644,0.3329431462282546
6dca_lh_vs_4hrl_c_decoy10,/mnt/ssd1/Projects/DesCARTes_wd/results/OTRtest/af3_outputs_99/decoy_json/6dca_LH_vs_4hrl_C_decoy10/6dca_lh_vs_4hrl_c_decoy10,/mnt/ssd1/Projects/DesCARTes_wd/results/OTRtest/af3_outputs_99/decoy_json/6dca_LH_vs_4hrl_C_decoy10/6dca_lh_vs_4hrl_c_decoy10/6dca_lh_vs_4hrl_c_decoy10_model.cif,/mnt/ssd1/Projects/DesCARTes_wd/results/OTRtest/af3_outputs_99/decoy_json/6dca_LH_vs_4hrl_C_decoy10/6dca_lh_vs_4hrl_c_decoy10/6dca_lh_vs_4hrl_c_decoy10_summary_confidences.json,/mnt/ssd1/Projects/DesCARTes_wd/results/OTRtest/af3_outputs_99/decoy_json/6dca_LH_vs_4hrl_C_decoy10/6dca_lh_vs_4hrl_c_decoy10/6dca_lh_vs_4hrl_c_decoy10_confidences.json,A;B;C,A,B,C,explicit_cdr,0.59,0.68,0.61,0.01,0.0,0.25,0.24,0.245,11.16,11.12,11.14,24.55911490470314,24.419467611898803,24.489291258300973,107,166,273,9,19,28,19,198,0.0959595959595959,0.7838827838827839,0.7857142857142857,1842.1094100544576,1315.4804406526057,622.5239470034976,0.0,,0.0,0.0,0.2973333333333333,1.0,0.7838827838827839,0.7857142857142857,0.4312930402930403,0.304,0.304,0.361952564102564,0.361952564102564,-10.3,0,6dca,0.59,0.245,24.489291258300973,0.0,0.7858349830425586,0.0,0.38062524745638376,0.3045,4,3,0.762200375948219,0.4292572297199644,0.3329431462282546
6dca_lh_vs_5gpg_a_decoy05,/mnt/ssd1/Projects/DesCARTes_wd/results/OTRtest/af3_outputs_99/decoy_json/6dca_LH_vs_5gpg_A_decoy05/6dca_lh_vs_5gpg_a_decoy05,/mnt/ssd1/Projects/DesCARTes_wd/results/OTRtest/af3_outputs_99/decoy_json/6dca_LH_vs_5gpg_A_decoy05/6dca_lh_vs_5gpg_a_decoy05/6dca_lh_vs_5gpg_a_decoy05_model.cif,/mnt/ssd1/Projects/DesCARTes_wd/results/OTRtest/af3_outputs_99/decoy_json/6dca_LH_vs_5gpg_A_decoy05/6dca_lh_vs_5gpg_a_decoy05/6dca_lh_vs_5gpg_a_decoy05_summary_confidences.json,/mnt/ssd1/Projects/DesCARTes_wd/results/OTRtest/af3_outputs_99/decoy_json/6dca_LH_vs_5gpg_A_decoy05/6dca_lh_vs_5gpg_a_decoy05/6dca_lh_vs_5gpg_a_decoy05_confidences.json,A;B;C,A,B,C,explicit_cdr,0.6,0.69,0.62,0.01,0.0,0.13,0.12,0.125,15.43,15.97,15.7,27.27682639130603,27.359333098094567,27.3180797447003,96,280,376,7,19,26,23,117,0.1965811965811965,0.5106382978723405,0.7692307692307693,1958.738384270593,1538.2258147106622,527.0019995633957,0.0,,0.0,0.0,0.4346666666666666,1.0,0.5106382978723405,0.7692307692307693,0.4366535733769776,0.309,0.309,0.3673287506819421,0.3673287506819421,-12.5,0,6dca,0.6,0.125,27.3180797447003,0.0,0.9706877692486436,0.0,0.36935316538729657,0.26,6,8,0.762200375948219,0.4292572297199644,0.3329431462282546
6dca_lh_vs_5vx2_c_decoy09,/mnt/ssd1/Projects/DesCARTes_wd/results/OTRtest/af3_outputs_99/decoy_json/6dca_LH_vs_5vx2_C_decoy09/6dca_lh_vs_5vx2_c_decoy09,/mnt/ssd1/Projects/DesCARTes_wd/results/OTRtest/af3_outputs_99/decoy_json/6dca_LH_vs_5vx2_C_decoy09/6dca_lh_vs_5vx2_c_decoy09/6dca_lh_vs_5vx2_c_decoy09_model.cif,/mnt/ssd1/Projects/DesCARTes_wd/results/OTRtest/af3_outputs_99/decoy_json/6dca_LH_vs_5vx2_C_decoy09/6dca_lh_vs_5vx2_c_decoy09/6dca_lh_vs_5vx2_c_decoy09_summary_confidences.json,/mnt/ssd1/Projects/DesCARTes_wd/results/OTRtest/af3_outputs_99/decoy_json/6dca_LH_vs_5vx2_C_decoy09/6dca_lh_vs_5vx2_c_decoy09/6dca_lh_vs_5vx2_c_decoy09_confidences.json,A;B;C,A,B,C,explicit_cdr,0.58,0.68,0.61,0.03,0.0,0.32,0.29,0.305,5.7,5.89,5.795,25.889314842746217,25.46889511835995,25.679104980553085,131,359,490,15,21,36,25,162,0.1543209876543209,0.5346938775510204,0.5,2597.068116280257,1717.636267076385,1059.0950022013494,0.0,,0.0,0.0,0.5866666666666667,1.0,0.5346938775510204,0.5,0.4501360544217687,0.3,0.3,0.365547619047619,0.365547619047619,-13.6,0,6dca,0.58,0.305,25.679104980553085,0.0,0.9900481981330957,0.0,0.4292572297199644,0.32499999999999996,2,2,0.762200375948219,0.4292572297199644,0.3329431462282546
6dca_lh_vs_6dmx_i_decoy04,/mnt/ssd1/Projects/DesCARTes_wd/results/OTRtest/af3_outputs_99/decoy_json/6dca_LH_vs_6dmx_I_decoy04/6dca_lh_vs_6dmx_i_decoy04,/mnt/ssd1/Projects/DesCARTes_wd/results/OTRtest/af3_outputs_99/decoy_json/6dca_LH_vs_6dmx_I_decoy04/6dca_lh_vs_6dmx_i_decoy04/6dca_lh_vs_6dmx_i_decoy04_model.cif,/mnt/ssd1/Projects/DesCARTes_wd/results/OTRtest/af3_outputs_99/decoy_json/6dca_LH_vs_6dmx_I_decoy04/6dca_lh_vs_6dmx_i_decoy04/6dca_lh_vs_6dmx_i_decoy04_summary_confidences.json,/mnt/ssd1/Projects/DesCARTes_wd/results/OTRtest/af3_outputs_99/decoy_json/6dca_LH_vs_6dmx_I_decoy04/6dca_lh_vs_6dmx_i_decoy04/6dca_lh_vs_6dmx_i_decoy04_confidences.json,A;B;C,A,B,C,explicit_cdr,0.65,0.73,0.68,0.02,0.0,0.16,0.15,0.155,14.44,15.04,14.739999999999998,26.016065919374743,25.913891784820684,25.964978852097715,95,321,416,7,13,20,19,88,0.2159090909090909,0.4567307692307693,0.8,1665.3196825714986,1109.2553490608952,668.3974985726272,0.0,,0.0,0.0,0.488,0.9131094726267732,0.4567307692307693,0.8,0.4302949714484316,0.333,0.333,0.382103240006951,0.382103240006951,-13.1,0,6dca,0.65,0.155,25.964978852097715,0.0,0.9836975006285591,0.0,0.3968046250942838,0.2895,3,4,0.762200375948219,0.4292572297199644,0.3329431462282546
6dca_lh_vs_6j9m_d_decoy06,/mnt/ssd1/Projects/DesCARTes_wd/results/OTRtest/af3_outputs_99/decoy_json/6dca_LH_vs_6j9m_D_decoy06/6dca_lh_vs_6j9m_d_decoy06,/mnt/ssd1/Projects/DesCARTes_wd/results/OTRtest/af3_outputs_99/decoy_json/6dca_LH_vs_6j9m_D_decoy06/6dca_lh_vs_6j9m_d_decoy06/6dca_lh_vs_6j9m_d_decoy06_model.cif,/mnt/ssd1/Projects/DesCARTes_wd/results/OTRtest/af3_outputs_99/decoy_json/6dca_LH_vs_6j9m_D_decoy06/6dca_lh_vs_6j9m_d_decoy06/6dca_lh_vs_6j9m_d_decoy06_summary_confidences.json,/mnt/ssd1/Projects/DesCARTes_wd/results/OTRtest/af3_outputs_99/decoy_json/6dca_LH_vs_6j9m_D_decoy06/6dca_lh_vs_6j9m_d_decoy06/6dca_lh_vs_6j9m_d_decoy06_confidences.json,A;B;C,A,B,C,explicit_cdr,0.59,0.69,0.62,0.03,0.0,0.11,0.1,0.105,18.95,19.35,19.15,27.97324524886877,27.956227522935777,27.96473638590228,87,72,159,6,9,15,13,125,0.104,0.9056603773584906,0.5333333333333333,1374.9164238515586,847.9037734651974,567.071293724799,0.0,,0.0,0.0,0.1453333333333333,0.7257525315171346,0.9056603773584906,0.5333333333333333,0.3253832107059426,0.305,0.305,0.3253841237470799,0.3253841237470799,-9.4,0,6dca,0.59,0.105,27.96473638590228,0.0,0.5986876601124521,0.0,0.3035531490168678,0.2485,10,9,0.762200375948219,0.4292572297199644,0.3329431462282546
6dca_lh_vs_6nmt_c_decoy01,/mnt/ssd1/Projects/DesCARTes_wd/results/OTRtest/af3_outputs_99/decoy_json/6dca_LH_vs_6nmt_C_decoy01/6dca_lh_vs_6nmt_c_decoy01,/mnt/ssd1/Projects/DesCARTes_wd/results/OTRtest/af3_outputs_99/decoy_json/6dca_LH_vs_6nmt_C_decoy01/6dca_lh_vs_6nmt_c_decoy01/6dca_lh_vs_6nmt_c_decoy01_model.cif,/mnt/ssd1/Projects/DesCARTes_wd/results/OTRtest/af3_outputs_99/decoy_json/6dca_LH_vs_6nmt_C_decoy01/6dca_lh_vs_6nmt_c_decoy01/6dca_lh_vs_6nmt_c_decoy01_summary_confidences.json,/mnt/ssd1/Projects/DesCARTes_wd/results/OTRtest/af3_outputs_99/decoy_json/6dca_LH_vs_6nmt_C_decoy01/6dca_lh_vs_6nmt_c_decoy01/6dca_lh_vs_6nmt_c_decoy01_confidences.json,A;B;C,A,B,C,explicit_cdr,0.58,0.68,0.62,0.04,0.0,0.09,0.09,0.09,19.71,20.12,19.915,28.674512773007446,28.693933757133568,28.684223265070507,238,101,339,11,8,19,17,127,0.1338582677165354,0.5958702064896755,0.3157894736842105,1372.4598894769842,681.0306793039963,721.4067220129,0.0,,0.0,0.0,0.3853333333333333,0.7241676706303124,0.5958702064896755,0.3157894736842105,0.3323328354767844,0.3,0.3,0.3243164924168745,0.3243164924168745,-11.7,0,6dca,0.58,0.09,28.684223265070507,0.0,0.9370266439430035,0.0,0.34605399659145053,0.239,9,10,0.762200375948219,0.4292572297199644,0.3329431462282546
6dca_lh_vs_6o3b_c_decoy07,/mnt/ssd1/Projects/DesCARTes_wd/results/OTRtest/af3_outputs_99/decoy_json/6dca_LH_vs_6o3b_C_decoy07/6dca_lh_vs_6o3b_c_decoy07,/mnt/ssd1/Projects/DesCARTes_wd/results/OTRtest/af3_outputs_99/decoy_json/6dca_LH_vs_6o3b_C_decoy07/6dca_lh_vs_6o3b_c_decoy07/6dca_lh_vs_6o3b_c_decoy07_model.cif,/mnt/ssd1/Projects/DesCARTes_wd/results/OTRtest/af3_outputs_99/decoy_json/6dca_LH_vs_6o3b_C_decoy07/6dca_lh_vs_6o3b_c_decoy07/6dca_lh_vs_6o3b_c_decoy07_summary_confidences.json,/mnt/ssd1/Projects/DesCARTes_wd/results/OTRtest/af3_outputs_99/decoy_json/6dca_LH_vs_6o3b_C_decoy07/6dca_lh_vs_6o3b_c_decoy07/6dca_lh_vs_6o3b_c_decoy07_confidences.json,A;B;C,A,B,C,explicit_cdr,0.56,0.66,0.6,0.04,0.0,0.11,0.1,0.105,17.87,18.85,18.36,28.124545895281187,28.21652850589777,28.17053720058948,19,126,145,2,12,14,16,140,0.1142857142857142,0.2620689655172413,0.5714285714285714,1239.1332506674116,935.88480004156,354.05959354403603,0.0,,0.0,0.0,0.1266666666666666,0.6381504843015559,0.2620689655172413,0.5714285714285714,0.2426465172215591,0.29,0.29,0.2859262810275457,0.2859262810275457,-9.1,0,6dca,0.56,0.105,28.17053720058948,0.0,0.5249791874789399,0.0,0.283496878121841,0.23800000000000002,11,11,0.762200375948219,0.4292572297199644,0.3329431462282546
6nmt_lh_vs_1ahw_c_decoy10,/mnt/ssd1/Projects/DesCARTes_wd/results/OTRtest/af3_outputs_99/decoy_json/6nmt_LH_vs_1ahw_C_decoy10/6nmt_lh_vs_1ahw_c_decoy10,/mnt/ssd1/Projects/DesCARTes_wd/results/OTRtest/af3_outputs_99/decoy_json/6nmt_LH_vs_1ahw_C_decoy10/6nmt_lh_vs_1ahw_c_decoy10/6nmt_lh_vs_1ahw_c_decoy10_model.cif,/mnt/ssd1/Projects/DesCARTes_wd/results/OTRtest/af3_outputs_99/decoy_json/6nmt_LH_vs_1ahw_C_decoy10/6nmt_lh_vs_1ahw_c_decoy10/6nmt_lh_vs_1ahw_c_decoy10_summary_confidences.json,/mnt/ssd1/Projects/DesCARTes_wd/results/OTRtest/af3_outputs_99/decoy_json/6nmt_LH_vs_1ahw_C_decoy10/6nmt_lh_vs_1ahw_c_decoy10/6nmt_lh_vs_1ahw_c_decoy10_confidences.json,A;B;C,A,B,C,explicit_cdr,0.63,0.71,0.66,0.02,0.0,0.37,0.35,0.36,10.36,10.77,10.565,21.41070856364656,21.352330077996985,21.381519320821774,108,164,272,8,15,23,20,219,0.091324200913242,0.7941176470588236,0.7391304347826086,1916.466177083803,1294.2295609442444,831.4600957010443,0.0,,0.0,0.0,0.296,1.0,0.7941176470588236,0.7391304347826086,0.4273248081841432,0.323,0.323,0.3740636828644501,0.3740636828644501,-14.1,0,6nmt,0.63,0.36,21.381519320821774,0.0,0.9939401985084158,0.0,0.4640910297762624,0.36449999999999994,3,3,0.28652183417477506,0.4953039965914505,-0.20878216241667547
6nmt_lh_vs_1mlc_e_decoy01,/mnt/ssd1/Projects/DesCARTes_wd/results/OTRtest/af3_outputs_99/decoy_json/6nmt_LH_vs_1mlc_E_decoy01/6nmt_lh_vs_1mlc_e_decoy01,/mnt/ssd1/Projects/DesCARTes_wd/results/OTRtest/af3_outputs_99/decoy_json/6nmt_LH_vs_1mlc_E_decoy01/6nmt_lh_vs_1mlc_e_decoy01/6nmt_lh_vs_1mlc_e_decoy01_model.cif,/mnt/ssd1/Projects/DesCARTes_wd/results/OTRtest/af3_outputs_99/decoy_json/6nmt_LH_vs_1mlc_E_decoy01/6nmt_lh_vs_1mlc_e_decoy01/6nmt_lh_vs_1mlc_e_decoy01_summary_confidences.json,/mnt/ssd1/Projects/DesCARTes_wd/results/OTRtest/af3_outputs_99/decoy_json/6nmt_LH_vs_1mlc_E_decoy01/6nmt_lh_vs_1mlc_e_decoy01/6nmt_lh_vs_1mlc_e_decoy01_confidences.json,A;B;C,A,B,C,explicit_cdr,0.63,0.73,0.66,0.02,0.0,0.2,0.2,0.2,10.92,11.19,11.055,24.73711070311437,24.344280627573163,24.54069566534377,132,152,284,11,12,23,19,129,0.1472868217054263,0.9295774647887324,0.6086956521739131,1752.0660968861375,973.6645227720657,955.283013453547,0.0,,0.0,0.0,0.312,0.9690749012168628,0.9295774647887324,0.6086956521739131,0.4256422919396371,0.325,0.325,0.3744748021788729,0.3744748021788729,-10.6,0,6nmt,0.63,0.2,24.54069566534377,0.0,0.8320183851339245,0.0,0.38380275777008865,0.3005,5,5,0.28652183417477506,0.4953039965914505,-0.20878216241667547
6nmt_lh_vs_1vfb_c_decoy02,/mnt/ssd1/Projects/DesCARTes_wd/results/OTRtest/af3_outputs_99/decoy_json/6nmt_LH_vs_1vfb_C_decoy02/6nmt_lh_vs_1vfb_c_decoy02,/mnt/ssd1/Projects/DesCARTes_wd/results/OTRtest/af3_outputs_99/decoy_json/6nmt_LH_vs_1vfb_C_decoy02/6nmt_lh_vs_1vfb_c_decoy02/6nmt_lh_vs_1vfb_c_decoy02_model.cif,/mnt/ssd1/Projects/DesCARTes_wd/results/OTRtest/af3_outputs_99/decoy_json/6nmt_LH_vs_1vfb_C_decoy02/6nmt_lh_vs_1vfb_c_decoy02/6nmt_lh_vs_1vfb_c_decoy02_summary_confidences.json,/mnt/ssd1/Projects/DesCARTes_wd/results/OTRtest/af3_outputs_99/decoy_json/6nmt_LH_vs_1vfb_C_decoy02/6nmt_lh_vs_1vfb_c_decoy02/6nmt_lh_vs_1vfb_c_decoy02_confidences.json,A;B;C,A,B,C,explicit_cdr,0.63,0.73,0.66,0.02,0.0,0.2,0.2,0.2,10.92,11.19,11.055,24.73711070311437,24.344280627573163,24.54069566534377,132,152,284,11,12,23,19,129,0.1472868217054263,0.9295774647887324,0.6086956521739131,1752.0660968861375,973.6645227720657,955.283013453547,0.0,,0.0,0.0,0.312,0.9690749012168628,0.9295774647887324,0.6086956521739131,0.4256422919396371,0.325,0.325,0.3744748021788729,0.3744748021788729,-10.6,0,6nmt,0.63,0.2,24.54069566534377,0.0,0.8320183851339245,0.0,0.38380275777008865,0.3005,5,5,0.28652183417477506,0.4953039965914505,-0.20878216241667547
6nmt_lh_vs_4g6m_a_decoy07,/mnt/ssd1/Projects/DesCARTes_wd/results/OTRtest/af3_outputs_99/decoy_json/6nmt_LH_vs_4g6m_A_decoy07/6nmt_lh_vs_4g6m_a_decoy07,/mnt/ssd1/Projects/DesCARTes_wd/results/OTRtest/af3_outputs_99/decoy_json/6nmt_LH_vs_4g6m_A_decoy07/6nmt_lh_vs_4g6m_a_decoy07/6nmt_lh_vs_4g6m_a_decoy07_model.cif,/mnt/ssd1/Projects/DesCARTes_wd/results/OTRtest/af3_outputs_99/decoy_json/6nmt_LH_vs_4g6m_A_decoy07/6nmt_lh_vs_4g6m_a_decoy07/6nmt_lh_vs_4g6m_a_decoy07_summary_confidences.json,/mnt/ssd1/Projects/DesCARTes_wd/results/OTRtest/af3_outputs_99/decoy_json/6nmt_LH_vs_4g6m_A_decoy07/6nmt_lh_vs_4g6m_a_decoy07/6nmt_lh_vs_4g6m_a_decoy07_confidences.json,A;B;C,A,B,C,explicit_cdr,0.59,0.69,0.62,0.02,0.0,0.17,0.17,0.17,13.86,13.54,13.7,26.38127339181287,26.34897129186603,26.36512234183945,53,116,169,6,9,15,11,150,0.0733333333333333,0.6272189349112426,0.8,1073.0097522888027,618.0812780114647,588.8127390152331,0.0,,0.0,0.0,0.1586666666666666,0.5309740337347114,0.6272189349112426,0.8,0.2885833669047332,0.305,0.305,0.3125041784166566,0.3125041784166566,-8.8,0,6nmt,0.59,0.17,26.36512234183945,0.0,0.4501660026875223,0.0,0.30402490040312835,0.27449999999999997,10,9,0.28652183417477506,0.4953039965914505,-0.20878216241667547
6nmt_lh_vs_4hrl_c_decoy09,/mnt/ssd1/Projects/DesCARTes_wd/results/OTRtest/af3_outputs_99/decoy_json/6nmt_LH_vs_4hrl_C_decoy09/6nmt_lh_vs_4hrl_c_decoy09,/mnt/ssd1/Projects/DesCARTes_wd/results/OTRtest/af3_outputs_99/decoy_json/6nmt_LH_vs_4hrl_C_decoy09/6nmt_lh_vs_4hrl_c_decoy09/6nmt_lh_vs_4hrl_c_decoy09_model.cif,/mnt/ssd1/Projects/DesCARTes_wd/results/OTRtest/af3_outputs_99/decoy_json/6nmt_LH_vs_4hrl_C_decoy09/6nmt_lh_vs_4hrl_c_decoy09/6nmt_lh_vs_4hrl_c_decoy09_summary_confidences.json,/mnt/ssd1/Projects/DesCARTes_wd/results/OTRtest/af3_outputs_99/decoy_json/6nmt_LH_vs_4hrl_C_decoy09/6nmt_lh_vs_4hrl_c_decoy09/6nmt_lh_vs_4hrl_c_decoy09_confidences.json,A;B;C,A,B,C,explicit_cdr,0.66,0.74,0.69,0.02,0.0,0.42,0.39,0.405,8.88,8.81,8.845,19.828515417331207,19.448673336233146,19.638594376782176,142,205,347,9,16,25,24,198,0.1212121212121212,0.8184438040345822,0.8,2067.9497280732394,1301.5443456174398,911.3133638257714,0.0,,0.0,0.0,0.396,1.0,0.8184438040345822,0.8,0.4608443804034582,0.338,0.338,0.3962955331412104,0.3962955331412104,-13.5,0,6nmt,0.66,0.405,19.638594376782176,0.0,0.9890130573694068,0.0,0.488101958605411,0.393,2,2,0.28652183417477506,0.4953039965914505,-0.20878216241667547
6nmt_lh_vs_5gpg_a_decoy05,/mnt/ssd1/Projects/DesCARTes_wd/results/OTRtest/af3_outputs_99/decoy_json/6nmt_LH_vs_5gpg_A_decoy05/6nmt_lh_vs_5gpg_a_decoy05,/mnt/ssd1/Projects/DesCARTes_wd/results/OTRtest/af3_outputs_99/decoy_json/6nmt_LH_vs_5gpg_A_decoy05/6nmt_lh_vs_5gpg_a_decoy05/6nmt_lh_vs_5gpg_a_decoy05_model.cif,/mnt/ssd1/Projects/DesCARTes_wd/results/OTRtest/af3_outputs_99/decoy_json/6nmt_LH_vs_5gpg_A_decoy05/6nmt_lh_vs_5gpg_a_decoy05/6nmt_lh_vs_5gpg_a_decoy05_summary_confidences.json,/mnt/ssd1/Projects/DesCARTes_wd/results/OTRtest/af3_outputs_99/decoy_json/6nmt_LH_vs_5gpg_A_decoy05/6nmt_lh_vs_5gpg_a_decoy05/6nmt_lh_vs_5gpg_a_decoy05_confidences.json,A;B;C,A,B,C,explicit_cdr,0.71,0.77,0.73,0.02,0.0,0.41,0.4,0.405,9.08,9.1,9.09,19.39211838356575,19.240751646014804,19.31643501479028,83,163,246,6,15,21,19,117,0.1623931623931624,0.6747967479674797,0.9047619047619048,1670.0816177340566,1102.8927618991002,700.0248562151137,0.0,,0.0,0.0,0.2613333333333333,0.9161816888606816,0.6747967479674797,0.9047619047619048,0.4065255363784081,0.361,0.361,0.3937839377324428,0.3937839377324428,-11.7,0,6nmt,0.71,0.405,19.31643501479028,0.0,0.9370266439430035,0.0,0.4953039965914505,0.4105,1,1,0.28652183417477506,0.4953039965914505,-0.20878216241667547
6nmt_lh_vs_5vx2_c_decoy06,/mnt/ssd1/Projects/DesCARTes_wd/results/OTRtest/af3_outputs_99/decoy_json/6nmt_LH_vs_5vx2_C_decoy06/6nmt_lh_vs_5vx2_c_decoy06,/mnt/ssd1/Projects/DesCARTes_wd/results/OTRtest/af3_outputs_99/decoy_json/6nmt_LH_vs_5vx2_C_decoy06/6nmt_lh_vs_5vx2_c_decoy06/6nmt_lh_vs_5vx2_c_decoy06_model.cif,/mnt/ssd1/Projects/DesCARTes_wd/results/OTRtest/af3_outputs_99/decoy_json/6nmt_LH_vs_5vx2_C_decoy06/6nmt_lh_vs_5vx2_c_decoy06/6nmt_lh_vs_5vx2_c_decoy06_summary_confidences.json,/mnt/ssd1/Projects/DesCARTes_wd/results/OTRtest/af3_outputs_99/decoy_json/6nmt_LH_vs_5vx2_C_decoy06/6nmt_lh_vs_5vx2_c_decoy06/6nmt_lh_vs_5vx2_c_decoy06_confidences.json,A;B;C,A,B,C,explicit_cdr,0.57,0.68,0.61,0.04,0.0,0.13,0.12,0.125,13.65,14.13,13.89,27.925124539744424,27.873335696142718,27.899230117943567,119,294,413,6,15,21,19,162,0.1172839506172839,0.576271186440678,0.8571428571428571,1673.6695508268094,1187.6272601514138,695.8698160253334,0.0,,0.0,0.0,0.484,0.9184964844043932,0.576271186440678,0.8571428571428571,0.4480407012392321,0.296,0.296,0.3618142454337312,0.3618142454337312,-10.6,0,6nmt,0.57,0.125,27.899230117943567,0.0,0.8320183851339245,0.0,0.33955275777008864,0.2495,9,11,0.28652183417477506,0.4953039965914505,-0.20878216241667547
6nmt_lh_vs_6dmx_i_decoy08,/mnt/ssd1/Projects/DesCARTes_wd/results/OTRtest/af3_outputs_99/decoy_json/6nmt_LH_vs_6dmx_I_decoy08/6nmt_lh_vs_6dmx_i_decoy08,/mnt/ssd1/Projects/DesCARTes_wd/results/OTRtest/af3_outputs_99/decoy_json/6nmt_LH_vs_6dmx_I_decoy08/6nmt_lh_vs_6dmx_i_decoy08/6nmt_lh_vs_6dmx_i_decoy08_model.cif,/mnt/ssd1/Projects/DesCARTes_wd/results/OTRtest/af3_outputs_99/decoy_json/6nmt_LH_vs_6dmx_I_decoy08/6nmt_lh_vs_6dmx_i_decoy08/6nmt_lh_vs_6dmx_i_decoy08_summary_confidences.json,/mnt/ssd1/Projects/DesCARTes_wd/results/OTRtest/af3_outputs_99/decoy_json/6nmt_LH_vs_6dmx_I_decoy08/6nmt_lh_vs_6dmx_i_decoy08/6nmt_lh_vs_6dmx_i_decoy08_confidences.json,A;B;C,A,B,C,explicit_cdr,0.69,0.76,0.72,0.03,0.0,0.2,0.19,0.195,13.31,13.48,13.395,24.76973185805423,24.87351294040888,24.82162239923155,141,252,393,13,16,29,21,88,0.2386363636363636,0.7175572519083969,0.6896551724137931,2232.8631490724583,1098.3694566119193,1337.8432623940423,0.0,,0.0,0.0,0.4573333333333333,1.0,0.7175572519083969,0.6896551724137931,0.4550545757655523,0.352,0.352,0.4042691015179433,0.4042691015179433,-12.6,0,6nmt,0.69,0.195,24.82162239923155,0.0,0.973403006423134,0.0,0.4212604509634701,0.3195,4,4,0.28652183417477506,0.4953039965914505,-0.20878216241667547
6nmt_lh_vs_6j9m_d_decoy04,/mnt/ssd1/Projects/DesCARTes_wd/results/OTRtest/af3_outputs_99/decoy_json/6nmt_LH_vs_6j9m_D_decoy04/6nmt_lh_vs_6j9m_d_decoy04,/mnt/ssd1/Projects/DesCARTes_wd/results/OTRtest/af3_outputs_99/decoy_json/6nmt_LH_vs_6j9m_D_decoy04/6nmt_lh_vs_6j9m_d_decoy04/6nmt_lh_vs_6j9m_d_decoy04_model.cif,/mnt/ssd1/Projects/DesCARTes_wd/results/OTRtest/af3_outputs_99/decoy_json/6nmt_LH_vs_6j9m_D_decoy04/6nmt_lh_vs_6j9m_d_decoy04/6nmt_lh_vs_6j9m_d_decoy04_summary_confidences.json,/mnt/ssd1/Projects/DesCARTes_wd/results/OTRtest/af3_outputs_99/decoy_json/6nmt_LH_vs_6j9m_D_decoy04/6nmt_lh_vs_6j9m_d_decoy04/6nmt_lh_vs_6j9m_d_decoy04_confidences.json,A;B;C,A,B,C,explicit_cdr,0.63,0.72,0.66,0.03,0.0,0.16,0.15,0.155,12.82,12.9,12.86,26.22987543859649,25.86063157894737,26.04525350877193,110,215,325,8,14,22,17,125,0.136,0.676923076923077,0.7272727272727273,1905.64506843016,1157.5669737518765,873.1492427196608,0.0,,0.0,0.0,0.3666666666666666,1.0,0.676923076923077,0.7272727272727273,0.4320862470862471,0.324,0.324,0.3762301864801864,0.3762301864801864,-10.8,0,6nmt,0.63,0.155,26.04525350877193,0.0,0.8581489350995123,0.0,0.37197234026492687,0.2825,8,7,0.28652183417477506,0.4953039965914505,-0.20878216241667547
6nmt_lh_vs_6o3b_c_decoy03,/mnt/ssd1/Projects/DesCARTes_wd/results/OTRtest/af3_outputs_99/decoy_json/6nmt_LH_vs_6o3b_C_decoy03/6nmt_lh_vs_6o3b_c_decoy03,/mnt/ssd1/Projects/DesCARTes_wd/results/OTRtest/af3_outputs_99/decoy_json/6nmt_LH_vs_6o3b_C_decoy03/6nmt_lh_vs_6o3b_c_decoy03/6nmt_lh_vs_6o3b_c_decoy03_model.cif,/mnt/ssd1/Projects/DesCARTes_wd/results/OTRtest/af3_outputs_99/decoy_json/6nmt_LH_vs_6o3b_C_decoy03/6nmt_lh_vs_6o3b_c_decoy03/6nmt_lh_vs_6o3b_c_decoy03_summary_confidences.json,/mnt/ssd1/Projects/DesCARTes_wd/results/OTRtest/af3_outputs_99/decoy_json/6nmt_LH_vs_6o3b_C_decoy03/6nmt_lh_vs_6o3b_c_decoy03/6nmt_lh_vs_6o3b_c_decoy03_confidences.json,A;B;C,A,B,C,explicit_cdr,0.61,0.71,0.64,0.04,0.0,0.15,0.15,0.15,13.11,13.22,13.165,26.46013627819549,26.23822112098428,26.349178699589885,68,248,316,5,13,18,17,140,0.1214285714285714,0.430379746835443,0.8333333333333334,1760.0240773331789,1141.051930201571,691.5484630387546,0.0,,0.0,0.0,0.3546666666666667,0.974209082150438,0.430379746835443,0.8333333333333334,0.4098797911136319,0.315,0.315,0.3619579268897711,0.3619579268897711,-11.4,0,6nmt,0.61,0.15,26.349178699589885,0.0,0.9168273035060777,0.0,0.37302409552591165,0.27349999999999997,7,10,0.28652183417477506,0.4953039965914505,-0.20878216241667547
6o3b_lh_vs_1ahw_c_decoy10,/mnt/ssd1/Projects/DesCARTes_wd/results/OTRtest/af3_outputs_99/decoy_json/6o3b_LH_vs_1ahw_C_decoy10/6o3b_lh_vs_1ahw_c_decoy10,/mnt/ssd1/Projects/DesCARTes_wd/results/OTRtest/af3_outputs_99/decoy_json/6o3b_LH_vs_1ahw_C_decoy10/6o3b_lh_vs_1ahw_c_decoy10/6o3b_lh_vs_1ahw_c_decoy10_model.cif,/mnt/ssd1/Projects/DesCARTes_wd/results/OTRtest/af3_outputs_99/decoy_json/6o3b_LH_vs_1ahw_C_decoy10/6o3b_lh_vs_1ahw_c_decoy10/6o3b_lh_vs_1ahw_c_decoy10_summary_confidences.json,/mnt/ssd1/Projects/DesCARTes_wd/results/OTRtest/af3_outputs_99/decoy_json/6o3b_LH_vs_1ahw_C_decoy10/6o3b_lh_vs_1ahw_c_decoy10/6o3b_lh_vs_1ahw_c_decoy10_confidences.json,A;B;C,A,B,C,explicit_cdr,0.49,0.61,0.52,0.02,0.0,0.11,0.11,0.11,16.11,16.37,16.240000000000002,28.421038657823512,28.57984893099475,28.50044379440913,62,179,241,12,11,23,20,219,0.091324200913242,0.5145228215767634,0.8260869565217391,1917.4401354257132,1196.3934560359885,841.1587397894364,0.0,,0.0,0.0,0.2546666666666666,1.0,0.5145228215767634,0.8260869565217391,0.3977276444765169,0.257,0.257,0.3167046755667809,0.3167046755667809,-12.4,0,6o3b,0.49,0.11,28.50044379440913,0.0,0.9677045353015495,0.0,0.3306556802952324,0.2155,7,11,0.3581309467873496,0.3971212729968135,-0.03899032620946391
6o3b_lh_vs_1mlc_e_decoy02,/mnt/ssd1/Projects/DesCARTes_wd/results/OTRtest/af3_outputs_99/decoy_json/6o3b_LH_vs_1mlc_E_decoy02/6o3b_lh_vs_1mlc_e_decoy02,/mnt/ssd1/Projects/DesCARTes_wd/results/OTRtest/af3_outputs_99/decoy_json/6o3b_LH_vs_1mlc_E_decoy02/6o3b_lh_vs_1mlc_e_decoy02/6o3b_lh_vs_1mlc_e_decoy02_model.cif,/mnt/ssd1/Projects/DesCARTes_wd/results/OTRtest/af3_outputs_99/decoy_json/6o3b_LH_vs_1mlc_E_decoy02/6o3b_lh_vs_1mlc_e_decoy02/6o3b_lh_vs_1mlc_e_decoy02_summary_confidences.json,/mnt/ssd1/Projects/DesCARTes_wd/results/OTRtest/af3_outputs_99/decoy_json/6o3b_LH_vs_1mlc_E_decoy02/6o3b_lh_vs_1mlc_e_decoy02/6o3b_lh_vs_1mlc_e_decoy02_confidences.json,A;B;C,A,B,C,explicit_cdr,0.56,0.66,0.58,0.0,0.0,0.11,0.11,0.11,16.31,16.89,16.6,27.97188431723315,28.08910019560965,28.0304922564214,56,86,142,6,8,14,11,129,0.0852713178294573,0.7887323943661972,0.8571428571428571,1010.4031787748607,745.2709890589686,341.7920233433397,0.0,,0.0,0.0,0.1226666666666666,0.4905826959837812,0.7887323943661972,0.8571428571428571,0.2933707310143283,0.29,0.29,0.3036797558550149,0.3036797558550149,-10.5,0,6o3b,0.56,0.11,28.0304922564214,0.0,0.8175744761936437,0.0,0.32913617142904655,0.24000000000000002,8,5,0.3581309467873496,0.3971212729968135,-0.03899032620946391
6o3b_lh_vs_1vfb_c_decoy03,/mnt/ssd1/Projects/DesCARTes_wd/results/OTRtest/af3_outputs_99/decoy_json/6o3b_LH_vs_1vfb_C_decoy03/6o3b_lh_vs_1vfb_c_decoy03,/mnt/ssd1/Projects/DesCARTes_wd/results/OTRtest/af3_outputs_99/decoy_json/6o3b_LH_vs_1vfb_C_decoy03/6o3b_lh_vs_1vfb_c_decoy03/6o3b_lh_vs_1vfb_c_decoy03_model.cif,/mnt/ssd1/Projects/DesCARTes_wd/results/OTRtest/af3_outputs_99/decoy_json/6o3b_LH_vs_1vfb_C_decoy03/6o3b_lh_vs_1vfb_c_decoy03/6o3b_lh_vs_1vfb_c_decoy03_summary_confidences.json,/mnt/ssd1/Projects/DesCARTes_wd/results/OTRtest/af3_outputs_99/decoy_json/6o3b_LH_vs_1vfb_C_decoy03/6o3b_lh_vs_1vfb_c_decoy03/6o3b_lh_vs_1vfb_c_decoy03_confidences.json,A;B;C,A,B,C,explicit_cdr,0.56,0.66,0.58,0.0,0.0,0.11,0.11,0.11,16.31,16.89,16.6,27.97188431723315,28.08910019560965,28.0304922564214,56,86,142,6,8,14,11,129,0.0852713178294573,0.7887323943661972,0.8571428571428571,1010.4031787748607,745.2709890589686,341.7920233433397,0.0,,0.0,0.0,0.1226666666666666,0.4905826959837812,0.7887323943661972,0.8571428571428571,0.2933707310143283,0.29,0.29,0.3036797558550149,0.3036797558550149,-10.5,0,6o3b,0.56,0.11,28.0304922564214,0.0,0.8175744761936437,0.0,0.32913617142904655,0.24000000000000002,8,5,0.3581309467873496,0.3971212729968135,-0.03899032620946391
6o3b_lh_vs_4g6m_a_decoy01,/mnt/ssd1/Projects/DesCARTes_wd/results/OTRtest/af3_outputs_99/decoy_json/6o3b_LH_vs_4g6m_A_decoy01/6o3b_lh_vs_4g6m_a_decoy01,/mnt/ssd1/Projects/DesCARTes_wd/results/OTRtest/af3_outputs_99/decoy_json/6o3b_LH_vs_4g6m_A_decoy01/6o3b_lh_vs_4g6m_a_decoy01/6o3b_lh_vs_4g6m_a_decoy01_model.cif,/mnt/ssd1/Projects/DesCARTes_wd/results/OTRtest/af3_outputs_99/decoy_json/6o3b_LH_vs_4g6m_A_decoy01/6o3b_lh_vs_4g6m_a_decoy01/6o3b_lh_vs_4g6m_a_decoy01_summary_confidences.json,/mnt/ssd1/Projects/DesCARTes_wd/results/OTRtest/af3_outputs_99/decoy_json/6o3b_LH_vs_4g6m_A_decoy01/6o3b_lh_vs_4g6m_a_decoy01/6o3b_lh_vs_4g6m_a_decoy01_confidences.json,A;B;C,A,B,C,explicit_cdr,0.54,0.65,0.56,0.0,0.0,0.12,0.12,0.12,15.14,15.51,15.325,27.68133333333333,27.673392523364488,27.67736292834891,47,233,280,7,11,18,17,150,0.1133333333333333,0.3357142857142857,0.8888888888888888,1560.7244256266094,1167.1361465374905,487.1541999756191,0.0,,0.0,0.0,0.3066666666666666,0.8456286616945867,0.3357142857142857,0.8888888888888888,0.3682527164659015,0.281,0.281,0.3233884507630655,0.3233884507630655,-11.3,0,6o3b,0.54,0.12,27.67736292834891,0.0,0.9088770389851439,0.0,0.34033155584777164,0.237,6,10,0.3581309467873496,0.3971212729968135,-0.03899032620946391
6o3b_lh_vs_4hrl_c_decoy09,/mnt/ssd1/Projects/DesCARTes_wd/results/OTRtest/af3_outputs_99/decoy_json/6o3b_LH_vs_4hrl_C_decoy09/6o3b_lh_vs_4hrl_c_decoy09,/mnt/ssd1/Projects/DesCARTes_wd/results/OTRtest/af3_outputs_99/decoy_json/6o3b_LH_vs_4hrl_C_decoy09/6o3b_lh_vs_4hrl_c_decoy09/6o3b_lh_vs_4hrl_c_decoy09_model.cif,/mnt/ssd1/Projects/DesCARTes_wd/results/OTRtest/af3_outputs_99/decoy_json/6o3b_LH_vs_4hrl_C_decoy09/6o3b_lh_vs_4hrl_c_decoy09/6o3b_lh_vs_4hrl_c_decoy09_summary_confidences.json,/mnt/ssd1/Projects/DesCARTes_wd/results/OTRtest/af3_outputs_99/decoy_json/6o3b_LH_vs_4hrl_C_decoy09/6o3b_lh_vs_4hrl_c_decoy09/6o3b_lh_vs_4hrl_c_decoy09_confidences.json,A;B;C,A,B,C,explicit_cdr,0.52,0.62,0.54,0.0,0.0,0.14,0.14,0.14,14.1,14.18,14.14,27.11285707756296,27.11890045312943,27.1158787653462,51,342,393,6,16,22,26,198,0.1313131313131313,0.2595419847328244,0.8636363636363636,1940.866325116964,1570.1352701662145,501.78315767797176,0.0,,0.0,0.0,0.4573333333333333,1.0,0.2595419847328244,0.8636363636363636,0.4266511681702521,0.27,0.27,0.3363279088595882,0.3363279088595882,-13.7,0,6o3b,0.52,0.14,27.1158787653462,0.0,0.990986701347152,0.0,0.35364800520207285,0.238,5,9,0.3581309467873496,0.3971212729968135,-0.03899032620946391
6o3b_lh_vs_5gpg_a_decoy06,/mnt/ssd1/Projects/DesCARTes_wd/results/OTRtest/af3_outputs_99/decoy_json/6o3b_LH_vs_5gpg_A_decoy06/6o3b_lh_vs_5gpg_a_decoy06,/mnt/ssd1/Projects/DesCARTes_wd/results/OTRtest/af3_outputs_99/decoy_json/6o3b_LH_vs_5gpg_A_decoy06/6o3b_lh_vs_5gpg_a_decoy06/6o3b_lh_vs_5gpg_a_decoy06_model.cif,/mnt/ssd1/Projects/DesCARTes_wd/results/OTRtest/af3_outputs_99/decoy_json/6o3b_LH_vs_5gpg_A_decoy06/6o3b_lh_vs_5gpg_a_decoy06/6o3b_lh_vs_5gpg_a_decoy06_summary_confidences.json,/mnt/ssd1/Projects/DesCARTes_wd/results/OTRtest/af3_outputs_99/decoy_json/6o3b_LH_vs_5gpg_A_decoy06/6o3b_lh_vs_5gpg_a_decoy06/6o3b_lh_vs_5gpg_a_decoy06_confidences.json,A;B;C,A,B,C,explicit_cdr,0.57,0.67,0.59,0.0,0.0,0.1,0.1,0.1,16.65,18.26,17.455,28.088888888888885,28.489006709801103,28.288947799345,0,136,136,0,13,13,11,117,0.094017094017094,0.0,0.6153846153846154,1025.4661794811873,996.7329695126828,54.68816984777732,0.0,,0.0,0.0,0.1146666666666666,0.5003007609556047,0.0,0.6153846153846154,0.1902652803962491,0.295,0.295,0.2710928481386871,0.2710928481386871,-9.8,0,6o3b,0.57,0.1,28.288947799345,0.0,0.6899744811276126,0.0,0.3094961721691419,0.2395,11,7,0.3581309467873496,0.3971212729968135,-0.03899032620946391
6o3b_lh_vs_5vx2_c_decoy05,/mnt/ssd1/Projects/DesCARTes_wd/results/OTRtest/af3_outputs_99/decoy_json/6o3b_LH_vs_5vx2_C_decoy05/6o3b_lh_vs_5vx2_c_decoy05,/mnt/ssd1/Projects/DesCARTes_wd/results/OTRtest/af3_outputs_99/decoy_json/6o3b_LH_vs_5vx2_C_decoy05/6o3b_lh_vs_5vx2_c_decoy05/6o3b_lh_vs_5vx2_c_decoy05_model.cif,/mnt/ssd1/Projects/DesCARTes_wd/results/OTRtest/af3_outputs_99/decoy_json/6o3b_LH_vs_5vx2_C_decoy05/6o3b_lh_vs_5vx2_c_decoy05/6o3b_lh_vs_5vx2_c_decoy05_summary_confidences.json,/mnt/ssd1/Projects/DesCARTes_wd/results/OTRtest/af3_outputs_99/decoy_json/6o3b_LH_vs_5vx2_C_decoy05/6o3b_lh_vs_5vx2_c_decoy05/6o3b_lh_vs_5vx2_c_decoy05_confidences.json,A;B;C,A,B,C,explicit_cdr,0.54,0.65,0.57,0.02,0.0,0.13,0.12,0.125,16.48,16.71,16.595,27.39553935534328,27.503273912541825,27.44940663394255,61,273,334,5,15,20,24,162,0.1481481481481481,0.3652694610778443,0.65,1575.4940458973797,1264.6820493332525,438.8677118298401,0.0,,0.0,0.0,0.3786666666666666,0.8551574489660514,0.3652694610778443,0.65,0.3672251025676614,0.281,0.281,0.3230287858986814,0.3230287858986814,-10.4,0,6o3b,0.54,0.125,27.44940663394255,0.0,0.8021838885585818,0.0,0.3260775832837872,0.239,10,8,0.3581309467873496,0.3971212729968135,-0.03899032620946391
6o3b_lh_vs_6dmx_i_decoy08,/mnt/ssd1/Projects/DesCARTes_wd/results/OTRtest/af3_outputs_99/decoy_json/6o3b_LH_vs_6dmx_I_decoy08/6o3b_lh_vs_6dmx_i_decoy08,/mnt/ssd1/Projects/DesCARTes_wd/results/OTRtest/af3_outputs_99/decoy_json/6o3b_LH_vs_6dmx_I_decoy08/6o3b_lh_vs_6dmx_i_decoy08/6o3b_lh_vs_6dmx_i_decoy08_model.cif,/mnt/ssd1/Projects/DesCARTes_wd/results/OTRtest/af3_outputs_99/decoy_json/6o3b_LH_vs_6dmx_I_decoy08/6o3b_lh_vs_6dmx_i_decoy08/6o3b_lh_vs_6dmx_i_decoy08_summary_confidences.json,/mnt/ssd1/Projects/DesCARTes_wd/results/OTRtest/af3_outputs_99/decoy_json/6o3b_LH_vs_6dmx_I_decoy08/6o3b_lh_vs_6dmx_i_decoy08/6o3b_lh_vs_6dmx_i_decoy08_confidences.json,A;B;C,A,B,C,explicit_cdr,0.64,0.72,0.66,0.01,0.0,0.19,0.19,0.19,11.15,11.8,11.475,24.660959995886465,25.02904099405268,24.84500049496957,88,248,336,7,15,22,21,88,0.2386363636363636,0.5238095238095238,0.9090909090909092,1902.9621456942225,1445.0718061540974,622.9527268721868,0.0,,0.0,0.0,0.3813333333333333,1.0,0.5238095238095238,0.9090909090909092,0.4386233766233766,0.328,0.328,0.3815181818181818,0.3815181818181818,-11.5,0,6o3b,0.64,0.19,24.84500049496957,0.0,0.9241418199787566,0.0,0.3971212729968135,0.3,1,1,0.3581309467873496,0.3971212729968135,-0.03899032620946391
6o3b_lh_vs_6j9m_d_decoy04,/mnt/ssd1/Projects/DesCARTes_wd/results/OTRtest/af3_outputs_99/decoy_json/6o3b_LH_vs_6j9m_D_decoy04/6o3b_lh_vs_6j9m_d_decoy04,/mnt/ssd1/Projects/DesCARTes_wd/results/OTRtest/af3_outputs_99/decoy_json/6o3b_LH_vs_6j9m_D_decoy04/6o3b_lh_vs_6j9m_d_decoy04/6o3b_lh_vs_6j9m_d_decoy04_model.cif,/mnt/ssd1/Projects/DesCARTes_wd/results/OTRtest/af3_outputs_99/decoy_json/6o3b_LH_vs_6j9m_D_decoy04/6o3b_lh_vs_6j9m_d_decoy04/6o3b_lh_vs_6j9m_d_decoy04_summary_confidences.json,/mnt/ssd1/Projects/DesCARTes_wd/results/OTRtest/af3_outputs_99/decoy_json/6o3b_LH_vs_6j9m_D_decoy04/6o3b_lh_vs_6j9m_d_decoy04/6o3b_lh_vs_6j9m_d_decoy04_confidences.json,A;B;C,A,B,C,explicit_cdr,0.6,0.69,0.63,0.01,0.0,0.17,0.17,0.17,12.81,13.19,13.0,25.26860633484163,25.323904672897196,25.29625550386941,43,271,314,9,17,26,19,125,0.152,0.2738853503184714,0.8076923076923077,1775.9616859911584,1478.3958370459077,453.73252955287535,0.0,,0.0,0.0,0.352,0.9844914103168764,0.2738853503184714,0.8076923076923077,0.3930560478644532,0.309,0.309,0.3520696167525586,0.3520696167525586,-11.6,0,6o3b,0.6,0.17,25.29625550386941,0.0,0.9308615796566531,0.0,0.379129236948498,0.278,2,2,0.3581309467873496,0.3971212729968135,-0.03899032620946391
6o3b_lh_vs_6nmt_c_decoy07,/mnt/ssd1/Projects/DesCARTes_wd/results/OTRtest/af3_outputs_99/decoy_json/6o3b_LH_vs_6nmt_C_decoy07/6o3b_lh_vs_6nmt_c_decoy07,/mnt/ssd1/Projects/DesCARTes_wd/results/OTRtest/af3_outputs_99/decoy_json/6o3b_LH_vs_6nmt_C_decoy07/6o3b_lh_vs_6nmt_c_decoy07/6o3b_lh_vs_6nmt_c_decoy07_model.cif,/mnt/ssd1/Projects/DesCARTes_wd/results/OTRtest/af3_outputs_99/decoy_json/6o3b_LH_vs_6nmt_C_decoy07/6o3b_lh_vs_6nmt_c_decoy07/6o3b_lh_vs_6nmt_c_decoy07_summary_confidences.json,/mnt/ssd1/Projects/DesCARTes_wd/results/OTRtest/af3_outputs_99/decoy_json/6o3b_LH_vs_6nmt_C_decoy07/6o3b_lh_vs_6nmt_c_decoy07/6o3b_lh_vs_6nmt_c_decoy07_confidences.json,A;B;C,A,B,C,explicit_cdr,0.58,0.68,0.61,0.02,0.0,0.14,0.14,0.14,14.1,14.68,14.39,26.845644351017206,26.88307270586504,26.864358528441123,88,459,547,12,17,29,25,127,0.1968503937007874,0.3217550274223034,0.7931034482758621,2129.9026030730674,1586.939395186204,767.4802303039687,0.0,,0.0,0.0,0.6626666666666666,1.0,0.3217550274223034,0.7931034482758621,0.4771525142364832,0.3,0.3,0.3750033799827691,0.3750033799827691,-16.3,0,6o3b,0.58,0.14,26.864358528441123,0.0,0.9993249172693672,0.0,0.37289873759040504,0.259,3,3,0.3581309467873496,0.3971212729968135,-0.03899032620946391
1ahw_lh_vs_1ahw_c_positive,/mnt/ssd1/Projects/DesCARTes_wd/results/OTRtest/af3_outputs_99/positive_json/1ahw_LH_vs_1ahw_C_positive/1ahw_lh_vs_1ahw_c_positive,/mnt/ssd1/Projects/DesCARTes_wd/results/OTRtest/af3_outputs_99/positive_json/1ahw_LH_vs_1ahw_C_positive/1ahw_lh_vs_1ahw_c_positive/1ahw_lh_vs_1ahw_c_positive_model.cif,/mnt/ssd1/Projects/DesCARTes_wd/results/OTRtest/af3_outputs_99/positive_json/1ahw_LH_vs_1ahw_C_positive/1ahw_lh_vs_1ahw_c_positive/1ahw_lh_vs_1ahw_c_positive_summary_confidences.json,/mnt/ssd1/Projects/DesCARTes_wd/results/OTRtest/af3_outputs_99/positive_json/1ahw_LH_vs_1ahw_C_positive/1ahw_lh_vs_1ahw_c_positive/1ahw_lh_vs_1ahw_c_positive_confidences.json,A;B;C,A,B,C,explicit_cdr,0.74,0.8,0.77,0.02,0.0,0.59,0.56,0.575,4.54,4.55,4.545,15.180449579652626,15.578596423846712,15.379523001749668,114,220,334,9,15,24,25,219,0.1141552511415525,0.6826347305389222,1.0,2143.43073046246,1464.2002502797004,826.2512387669376,0.0,,0.0,0.0,0.3786666666666666,1.0,0.6826347305389222,1.0,0.4629301397205589,0.376,0.376,0.4240255489021956,0.4240255489021956,-14.7,1,1ahw,0.74,0.575,15.379523001749668,0.0,0.9966651926925867,0.0,0.572749778903888,0.489,1,2,0.572749778903888,0.5478275832837872,0.024922195620100784
1mlc_lh_vs_1mlc_e_positive,/mnt/ssd1/Projects/DesCARTes_wd/results/OTRtest/af3_outputs_99/positive_json/1mlc_LH_vs_1mlc_E_positive/1mlc_lh_vs_1mlc_e_positive,/mnt/ssd1/Projects/DesCARTes_wd/results/OTRtest/af3_outputs_99/positive_json/1mlc_LH_vs_1mlc_E_positive/1mlc_lh_vs_1mlc_e_positive/1mlc_lh_vs_1mlc_e_positive_model.cif,/mnt/ssd1/Projects/DesCARTes_wd/results/OTRtest/af3_outputs_99/positive_json/1mlc_LH_vs_1mlc_E_positive/1mlc_lh_vs_1mlc_e_positive/1mlc_lh_vs_1mlc_e_positive_summary_confidences.json,/mnt/ssd1/Projects/DesCARTes_wd/results/OTRtest/af3_outputs_99/positive_json/1mlc_LH_vs_1mlc_E_positive/1mlc_lh_vs_1mlc_e_positive/1mlc_lh_vs_1mlc_e_positive_confidences.json,A;B;C,A,B,C,explicit_cdr,0.64,0.75,0.66,0.0,0.0,0.17,0.17,0.17,10.6,10.6,10.6,26.322329492923693,26.543655364775773,26.432992428849733,51,166,217,6,14,20,11,129,0.0852713178294573,0.4700460829493087,1.0,1237.0416172973964,948.3432186546016,440.55369595995217,0.0,,0.0,0.0,0.2226666666666666,0.6368010434176751,0.4700460829493087,1.0,0.3300314836451326,0.331,0.331,0.3450110192757964,0.3450110192757964,-11.1,1,1mlc,0.64,0.17,26.432992428849733,0.0,0.8909031788043871,0.0,0.3851354768206581,0.292,6,5,0.3851354768206581,0.4214837288455503,-0.036348252024892225
1vfb_lh_vs_1vfb_c_positive,/mnt/ssd1/Projects/DesCARTes_wd/results/OTRtest/af3_outputs_99/positive_json/1vfb_LH_vs_1vfb_C_positive/1vfb_lh_vs_1vfb_c_positive,/mnt/ssd1/Projects/DesCARTes_wd/results/OTRtest/af3_outputs_99/positive_json/1vfb_LH_vs_1vfb_C_positive/1vfb_lh_vs_1vfb_c_positive/1vfb_lh_vs_1vfb_c_positive_model.cif,/mnt/ssd1/Projects/DesCARTes_wd/results/OTRtest/af3_outputs_99/positive_json/1vfb_LH_vs_1vfb_C_positive/1vfb_lh_vs_1vfb_c_positive/1vfb_lh_vs_1vfb_c_positive_summary_confidences.json,/mnt/ssd1/Projects/DesCARTes_wd/results/OTRtest/af3_outputs_99/positive_json/1vfb_LH_vs_1vfb_C_positive/1vfb_lh_vs_1vfb_c_positive/1vfb_lh_vs_1vfb_c_positive_confidences.json,A;B;C,A,B,C,explicit_cdr,0.53,0.66,0.56,0.0,0.0,0.14,0.14,0.14,10.81,10.1,10.455,24.664742047580862,24.708921973484024,24.68683201053244,54,81,135,4,11,15,16,129,0.1240310077519379,0.8,1.0,1189.499702954823,829.5052994144589,419.804486994668,0.0,,0.0,0.0,0.1133333333333333,0.6061288406160149,0.8,1.0,0.3295591014565363,0.278,0.278,0.3073456855097877,0.3073456855097877,-9.9,1,1vfb,0.53,0.14,24.68683201053244,0.0,0.710949502625004,0.0,0.31464242539375065,0.2415,6,4,0.31464242539375065,0.41932758328378716,-0.10468515789003652
1yy9_lh_vs_1yy9_a_positive,/mnt/ssd1/Projects/DesCARTes_wd/results/OTRtest/af3_outputs_99/positive_json/1yy9_LH_vs_1yy9_A_positive/1yy9_lh_vs_1yy9_a_positive,/mnt/ssd1/Projects/DesCARTes_wd/results/OTRtest/af3_outputs_99/positive_json/1yy9_LH_vs_1yy9_A_positive/1yy9_lh_vs_1yy9_a_positive/1yy9_lh_vs_1yy9_a_positive_model.cif,/mnt/ssd1/Projects/DesCARTes_wd/results/OTRtest/af3_outputs_99/positive_json/1yy9_LH_vs_1yy9_A_positive/1yy9_lh_vs_1yy9_a_positive/1yy9_lh_vs_1yy9_a_positive_summary_confidences.json,/mnt/ssd1/Projects/DesCARTes_wd/results/OTRtest/af3_outputs_99/positive_json/1yy9_LH_vs_1yy9_A_positive/1yy9_lh_vs_1yy9_a_positive/1yy9_lh_vs_1yy9_a_positive_confidences.json,A;B;C,A,B,C,explicit_cdr,0.86,0.77,0.85,0.01,0.0,0.84,0.83,0.835,1.62,1.49,1.5550000000000002,15.561117153962176,15.810001354279526,15.68555925412085,129,221,350,9,13,22,24,624,0.0384615384615384,0.7371428571428571,0.8181818181818182,1890.7886270123709,1263.9760520955024,827.6362743466016,0.0,,0.0,0.0,0.4,1.0,0.7371428571428571,0.8181818181818182,0.4555324675324675,0.421,0.421,0.4559363636363636,0.4559363636363636,-12.0,1,1yy9,0.86,0.835,15.68555925412085,0.0,0.9525741268224334,0.0,0.6931361190233649,0.635,1,1,0.6931361190233649,0.4492740955259116,0.24386202349745334
2vis_lh_vs_2vis_c_positive,/mnt/ssd1/Projects/DesCARTes_wd/results/OTRtest/af3_outputs_99/positive_json/2vis_LH_vs_2vis_C_positive/2vis_lh_vs_2vis_c_positive,/mnt/ssd1/Projects/DesCARTes_wd/results/OTRtest/af3_outputs_99/positive_json/2vis_LH_vs_2vis_C_positive/2vis_lh_vs_2vis_c_positive/2vis_lh_vs_2vis_c_positive_model.cif,/mnt/ssd1/Projects/DesCARTes_wd/results/OTRtest/af3_outputs_99/positive_json/2vis_LH_vs_2vis_C_positive/2vis_lh_vs_2vis_c_positive/2vis_lh_vs_2vis_c_positive_summary_confidences.json,/mnt/ssd1/Projects/DesCARTes_wd/results/OTRtest/af3_outputs_99/positive_json/2vis_LH_vs_2vis_C_positive/2vis_lh_vs_2vis_c_positive/2vis_lh_vs_2vis_c_positive_confidences.json,A;B;C,A,B,C,explicit_cdr,0.46,0.58,0.49,0.02,0.0,0.12,0.12,0.12,17.44,18.05,17.745,28.229690157568758,28.348408476865924,28.28904931721734,56,115,171,5,6,11,12,282,0.0425531914893617,0.6549707602339181,0.7272727272727273,1093.5953635591322,682.4557202177493,511.1672521852816,0.0,,0.0,0.0,0.1613333333333333,0.5442550732639563,0.6549707602339181,0.7272727272727273,0.2874086967367891,0.242,0.242,0.2675930438578762,0.2675930438578762,-9.1,1,2vis,0.46,0.12,28.28904931721734,0.0,0.5249791874789399,0.0,0.258746878121841,0.20900000000000002,10,9,0.258746878121841,0.46852871752485264,-0.20978183940301165
4g6m_lh_vs_4g6m_a_positive,/mnt/ssd1/Projects/DesCARTes_wd/results/OTRtest/af3_outputs_99/positive_json/4g6m_LH_vs_4g6m_A_positive/4g6m_lh_vs_4g6m_a_positive,/mnt/ssd1/Projects/DesCARTes_wd/results/OTRtest/af3_outputs_99/positive_json/4g6m_LH_vs_4g6m_A_positive/4g6m_lh_vs_4g6m_a_positive/4g6m_lh_vs_4g6m_a_positive_model.cif,/mnt/ssd1/Projects/DesCARTes_wd/results/OTRtest/af3_outputs_99/positive_json/4g6m_LH_vs_4g6m_A_positive/4g6m_lh_vs_4g6m_a_positive/4g6m_lh_vs_4g6m_a_positive_summary_confidences.json,/mnt/ssd1/Projects/DesCARTes_wd/results/OTRtest/af3_outputs_99/positive_json/4g6m_LH_vs_4g6m_A_positive/4g6m_lh_vs_4g6m_a_positive/4g6m_lh_vs_4g6m_a_positive_confidences.json,A;B;C,A,B,C,explicit_cdr,0.62,0.71,0.64,0.0,0.0,0.29,0.27,0.28,12.51,12.5,12.505,23.10758787878788,23.24368857589984,23.17563822734386,132,158,290,9,9,18,17,150,0.1133333333333333,0.9103448275862068,0.8888888888888888,1618.1916629879197,904.5266203556675,732.683834631589,0.0,,0.0,0.0,0.32,0.8827042987018837,0.9103448275862068,0.8888888888888888,0.4364642313878863,0.319,0.319,0.3742624809857602,0.3742624809857602,-9.6,1,4g6m,0.62,0.28,23.17563822734386,0.0,0.6456563062257954,0.0,0.38084844593386935,0.329,3,1,0.38084844593386935,0.4020520685056862,-0.02120362257181685
6dca_lh_vs_6dca_p_positive,/mnt/ssd1/Projects/DesCARTes_wd/results/OTRtest/af3_outputs_99/positive_json/6dca_LH_vs_6dca_P_positive/6dca_lh_vs_6dca_p_positive,/mnt/ssd1/Projects/DesCARTes_wd/results/OTRtest/af3_outputs_99/positive_json/6dca_LH_vs_6dca_P_positive/6dca_lh_vs_6dca_p_positive/6dca_lh_vs_6dca_p_positive_model.cif,/mnt/ssd1/Projects/DesCARTes_wd/results/OTRtest/af3_outputs_99/positive_json/6dca_LH_vs_6dca_P_positive/6dca_lh_vs_6dca_p_positive/6dca_lh_vs_6dca_p_positive_summary_confidences.json,/mnt/ssd1/Projects/DesCARTes_wd/results/OTRtest/af3_outputs_99/positive_json/6dca_LH_vs_6dca_P_positive/6dca_lh_vs_6dca_p_positive/6dca_lh_vs_6dca_p_positive_confidences.json,A;B;C,A,B,C,explicit_cdr,0.84,0.84,0.85,0.02,0.0,0.88,0.9,0.89,1.62,1.58,1.6,8.550716440422322,7.57190366972477,8.061310055073546,105,69,174,8,5,13,6,6,1.0,0.7931034482758621,0.6153846153846154,781.9796892192244,428.721314365137,483.7331521401775,0.5626699921323506,,0.0,0.5626699921323506,0.1653333333333333,0.3432127027220802,0.7931034482758621,0.6153846153846154,0.4477591774901198,0.5606674980330877,0.5606674980330877,0.563249710548012,0.563249710548012,-9.3,1,6dca,0.84,0.89,8.061310055073546,0.5626699921323506,0.5744425168116591,0.0,0.762200375948219,0.7906674980330877,1,1,0.762200375948219,0.4292572297199644,0.3329431462282546
6nmt_lh_vs_6nmt_c_positive,/mnt/ssd1/Projects/DesCARTes_wd/results/OTRtest/af3_outputs_99/positive_json/6nmt_LH_vs_6nmt_C_positive/6nmt_lh_vs_6nmt_c_positive,/mnt/ssd1/Projects/DesCARTes_wd/results/OTRtest/af3_outputs_99/positive_json/6nmt_LH_vs_6nmt_C_positive/6nmt_lh_vs_6nmt_c_positive/6nmt_lh_vs_6nmt_c_positive_model.cif,/mnt/ssd1/Projects/DesCARTes_wd/results/OTRtest/af3_outputs_99/positive_json/6nmt_LH_vs_6nmt_C_positive/6nmt_lh_vs_6nmt_c_positive/6nmt_lh_vs_6nmt_c_positive_summary_confidences.json,/mnt/ssd1/Projects/DesCARTes_wd/results/OTRtest/af3_outputs_99/positive_json/6nmt_LH_vs_6nmt_C_positive/6nmt_lh_vs_6nmt_c_positive/6nmt_lh_vs_6nmt_c_positive_confidences.json,A;B;C,A,B,C,explicit_cdr,0.62,0.71,0.66,0.04,0.0,0.15,0.14,0.145,13.03,13.46,13.245,26.81246891835889,26.85987265945824,26.836170788908564,89,160,249,10,13,23,13,127,0.1023622047244094,0.714859437751004,0.6956521739130435,1653.9245769334557,1016.9349553487664,846.2946506705739,0.0,,0.0,0.0,0.2653333333333333,0.9057577915699714,0.714859437751004,0.6956521739130435,0.3885360528137324,0.319,0.319,0.3574876184848063,0.3574876184848063,-8.3,1,6nmt,0.62,0.145,26.836170788908564,0.0,0.331812227831834,0.0,0.28652183417477506,0.275,11,8,0.28652183417477506,0.4953039965914505,-0.20878216241667547
6o3b_lh_vs_6o3b_c_positive,/mnt/ssd1/Projects/DesCARTes_wd/results/OTRtest/af3_outputs_99/positive_json/6o3b_LH_vs_6o3b_C_positive/6o3b_lh_vs_6o3b_c_positive,/mnt/ssd1/Projects/DesCARTes_wd/results/OTRtest/af3_outputs_99/positive_json/6o3b_LH_vs_6o3b_C_positive/6o3b_lh_vs_6o3b_c_positive/6o3b_lh_vs_6o3b_c_positive_model.cif,/mnt/ssd1/Projects/DesCARTes_wd/results/OTRtest/af3_outputs_99/positive_json/6o3b_LH_vs_6o3b_C_positive/6o3b_lh_vs_6o3b_c_positive/6o3b_lh_vs_6o3b_c_positive_summary_confidences.json,/mnt/ssd1/Projects/DesCARTes_wd/results/OTRtest/af3_outputs_99/positive_json/6o3b_LH_vs_6o3b_C_positive/6o3b_lh_vs_6o3b_c_positive/6o3b_lh_vs_6o3b_c_positive_confidences.json,A;B;C,A,B,C,explicit_cdr,0.56,0.67,0.6,0.04,0.0,0.13,0.12,0.125,14.8,15.26,15.03,27.503220749838395,27.651004672897194,27.5771127113678,38,442,480,7,18,25,28,140,0.2,0.1583333333333333,0.8,2224.6035193916687,1814.6166690830323,573.9691311485549,0.0,,0.0,0.0,0.5733333333333334,1.0,0.1583333333333333,0.8,0.4391666666666667,0.291,0.291,0.3552083333333333,0.3552083333333333,-12.7,1,6o3b,0.56,0.125,27.5771127113678,0.0,0.9758729785823308,0.0,0.3581309467873496,0.246,4,4,0.3581309467873496,0.3971212729968135,-0.03899032620946391
